"ltla21_code","total_residents","sexual_orientation","n","prop"
"E06000001",74686,"Straight or Heterosexual",68070,"0.911415794"
"E06000001",74686,"Gay or Lesbian",1121,"0.015009506"
"E06000001",74686,"Bisexual",784,"0.010497282"
"E06000001",74686,"All other sexual orientations",157,"0.002102134"
"E06000001",74686,"Not answered",4554,"0.060975283"
"E06000002",113938,"Straight or Heterosexual",102027,"0.895460689"
"E06000002",113938,"Gay or Lesbian",1787,"0.015683968"
"E06000002",113938,"Bisexual",1385,"0.012155734"
"E06000002",113938,"All other sexual orientations",441,"0.003870526"
"E06000002",113938,"Not answered",8298,"0.072829082"
"E06000003",112342,"Straight or Heterosexual",102561,"0.912935501"
"E06000003",112342,"Gay or Lesbian",1492,"0.013280874"
"E06000003",112342,"Bisexual",995,"0.008856883"
"E06000003",112342,"All other sexual orientations",248,"0.002207545"
"E06000003",112342,"Not answered",7046,"0.062719197"
"E06000004",158010,"Straight or Heterosexual",144661,"0.915518005"
"E06000004",158010,"Gay or Lesbian",2283,"0.014448453"
"E06000004",158010,"Bisexual",1471,"0.009309537"
"E06000004",158010,"All other sexual orientations",327,"0.002069489"
"E06000004",158010,"Not answered",9268,"0.058654516"
"E06000005",88106,"Straight or Heterosexual",80549,"0.914228316"
"E06000005",88106,"Gay or Lesbian",1333,"0.015129503"
"E06000005",88106,"Bisexual",990,"0.011236465"
"E06000005",88106,"All other sexual orientations",224,"0.002542392"
"E06000005",88106,"Not answered",5010,"0.056863324"
"E06000006",103946,"Straight or Heterosexual",95532,"0.919054124"
"E06000006",103946,"Gay or Lesbian",1555,"0.014959691"
"E06000006",103946,"Bisexual",976,"0.009389491"
"E06000006",103946,"All other sexual orientations",207,"0.001991419"
"E06000006",103946,"Not answered",5676,"0.054605276"
"E06000007",172719,"Straight or Heterosexual",158539,"0.917901331"
"E06000007",172719,"Gay or Lesbian",2254,"0.013050099"
"E06000007",172719,"Bisexual",1704,"0.009865736"
"E06000007",172719,"All other sexual orientations",390,"0.002258003"
"E06000007",172719,"Not answered",9832,"0.056924832"
"E06000008",119508,"Straight or Heterosexual",107093,"0.896115741"
"E06000008",119508,"Gay or Lesbian",1221,"0.010216889"
"E06000008",119508,"Bisexual",981,"0.008208655"
"E06000008",119508,"All other sexual orientations",321,"0.002686013"
"E06000008",119508,"Not answered",9892,"0.082772701"
"E06000009",116339,"Straight or Heterosexual",102898,"0.884466946"
"E06000009",116339,"Gay or Lesbian",3794,"0.032611592"
"E06000009",116339,"Bisexual",1572,"0.013512236"
"E06000009",116339,"All other sexual orientations",326,"0.002802156"
"E06000009",116339,"Not answered",7749,"0.066607071"
"E06000010",213877,"Straight or Heterosexual",188281,"0.880323737"
"E06000010",213877,"Gay or Lesbian",3655,"0.017089262"
"E06000010",213877,"Bisexual",3522,"0.016467409"
"E06000010",213877,"All other sexual orientations",880,"0.004114514"
"E06000010",213877,"Not answered",17539,"0.082005078"
"E06000011",288140,"Straight or Heterosexual",262847,"0.912219754"
"E06000011",288140,"Gay or Lesbian",2995,"0.010394253"
"E06000011",288140,"Bisexual",2325,"0.008068994"
"E06000011",288140,"All other sexual orientations",459,"0.001592976"
"E06000011",288140,"Not answered",19514,"0.067724023"
"E06000012",127524,"Straight or Heterosexual",115780,"0.907907531"
"E06000012",127524,"Gay or Lesbian",1564,"0.012264358"
"E06000012",127524,"Bisexual",1400,"0.010978326"
"E06000012",127524,"All other sexual orientations",300,"0.002352498"
"E06000012",127524,"Not answered",8480,"0.066497287"
"E06000013",139467,"Straight or Heterosexual",126559,"0.907447640"
"E06000013",139467,"Gay or Lesbian",1565,"0.011221292"
"E06000013",139467,"Bisexual",1281,"0.009184968"
"E06000013",139467,"All other sexual orientations",392,"0.002810701"
"E06000013",139467,"Not answered",9670,"0.069335398"
"E06000014",172083,"Straight or Heterosexual",148921,"0.865402161"
"E06000014",172083,"Gay or Lesbian",3507,"0.020379700"
"E06000014",172083,"Bisexual",4904,"0.028497876"
"E06000014",172083,"All other sexual orientations",1141,"0.006630521"
"E06000014",172083,"Not answered",13610,"0.079089742"
"E06000015",209192,"Straight or Heterosexual",184221,"0.880631190"
"E06000015",209192,"Gay or Lesbian",2764,"0.013212742"
"E06000015",209192,"Bisexual",3040,"0.014532104"
"E06000015",209192,"All other sexual orientations",932,"0.004455237"
"E06000015",209192,"Not answered",18235,"0.087168725"
"E06000016",291014,"Straight or Heterosexual",250153,"0.859590948"
"E06000016",291014,"Gay or Lesbian",3291,"0.011308734"
"E06000016",291014,"Bisexual",5303,"0.018222491"
"E06000016",291014,"All other sexual orientations",1420,"0.004879490"
"E06000016",291014,"Not answered",30847,"0.105998337"
"E06000017",34298,"Straight or Heterosexual",31470,"0.917546213"
"E06000017",34298,"Gay or Lesbian",381,"0.011108519"
"E06000017",34298,"Bisexual",292,"0.008513616"
"E06000017",34298,"All other sexual orientations",72,"0.002099248"
"E06000017",34298,"Not answered",2083,"0.060732404"
"E06000018",264323,"Straight or Heterosexual",225477,"0.853035869"
"E06000018",264323,"Gay or Lesbian",4757,"0.017996920"
"E06000018",264323,"Bisexual",6742,"0.025506672"
"E06000018",264323,"All other sexual orientations",1430,"0.005410048"
"E06000018",264323,"Not answered",25917,"0.098050491"
"E06000019",157133,"Straight or Heterosexual",140948,"0.896998084"
"E06000019",157133,"Gay or Lesbian",1641,"0.010443382"
"E06000019",157133,"Bisexual",1420,"0.009036930"
"E06000019",157133,"All other sexual orientations",367,"0.002335601"
"E06000019",157133,"Not answered",12757,"0.081186002"
"E06000020",148674,"Straight or Heterosexual",134069,"0.901764935"
"E06000020",148674,"Gay or Lesbian",1974,"0.013277372"
"E06000020",148674,"Bisexual",1726,"0.011609293"
"E06000020",148674,"All other sexual orientations",408,"0.002744259"
"E06000020",148674,"Not answered",10497,"0.070604141"
"E06000021",205902,"Straight or Heterosexual",183110,"0.889306563"
"E06000021",205902,"Gay or Lesbian",2956,"0.014356344"
"E06000021",205902,"Bisexual",2782,"0.013511282"
"E06000021",205902,"All other sexual orientations",677,"0.003287972"
"E06000021",205902,"Not answered",16377,"0.079537838"
"E06000022",161618,"Straight or Heterosexual",142696,"0.882921457"
"E06000022",161618,"Gay or Lesbian",2449,"0.015153015"
"E06000022",161618,"Bisexual",3282,"0.020307144"
"E06000022",161618,"All other sexual orientations",716,"0.004430200"
"E06000022",161618,"Not answered",12475,"0.077188184"
"E06000023",389708,"Straight or Heterosexual",333008,"0.854506451"
"E06000023",389708,"Gay or Lesbian",8568,"0.021985692"
"E06000023",389708,"Bisexual",12020,"0.030843606"
"E06000023",389708,"All other sexual orientations",3061,"0.007854599"
"E06000023",389708,"Not answered",33051,"0.084809652"
"E06000024",178568,"Straight or Heterosexual",161781,"0.905990995"
"E06000024",178568,"Gay or Lesbian",2264,"0.012678643"
"E06000024",178568,"Bisexual",2012,"0.011267416"
"E06000024",178568,"All other sexual orientations",431,"0.002413646"
"E06000024",178568,"Not answered",12080,"0.067649299"
"E06000025",237366,"Straight or Heterosexual",215157,"0.906435631"
"E06000025",237366,"Gay or Lesbian",3064,"0.012908336"
"E06000025",237366,"Bisexual",2944,"0.012402787"
"E06000025",237366,"All other sexual orientations",691,"0.002911116"
"E06000025",237366,"Not answered",15510,"0.065342130"
"E06000026",218624,"Straight or Heterosexual",194465,"0.889495206"
"E06000026",218624,"Gay or Lesbian",4297,"0.019654750"
"E06000026",218624,"Bisexual",4509,"0.020624451"
"E06000026",218624,"All other sexual orientations",924,"0.004226434"
"E06000026",218624,"Not answered",14429,"0.065999158"
"E06000027",117032,"Straight or Heterosexual",104729,"0.894874906"
"E06000027",117032,"Gay or Lesbian",2035,"0.017388407"
"E06000027",117032,"Bisexual",1344,"0.011484039"
"E06000027",117032,"All other sexual orientations",298,"0.002546312"
"E06000027",117032,"Not answered",8626,"0.073706337"
"E06000030",187154,"Straight or Heterosexual",168642,"0.901086806"
"E06000030",187154,"Gay or Lesbian",2416,"0.012909155"
"E06000030",187154,"Bisexual",2353,"0.012572534"
"E06000030",187154,"All other sexual orientations",570,"0.003045620"
"E06000030",187154,"Not answered",13173,"0.070385885"
"E06000031",167573,"Straight or Heterosexual",149442,"0.891802379"
"E06000031",167573,"Gay or Lesbian",1889,"0.011272699"
"E06000031",167573,"Bisexual",1967,"0.011738168"
"E06000031",167573,"All other sexual orientations",710,"0.004236959"
"E06000031",167573,"Not answered",13565,"0.080949795"
"E06000032",172698,"Straight or Heterosexual",151740,"0.878643644"
"E06000032",172698,"Gay or Lesbian",1420,"0.008222446"
"E06000032",172698,"Bisexual",1753,"0.010150668"
"E06000032",172698,"All other sexual orientations",753,"0.004360213"
"E06000032",172698,"Not answered",17032,"0.098623030"
"E06000033",146408,"Straight or Heterosexual",131459,"0.897894924"
"E06000033",146408,"Gay or Lesbian",2342,"0.015996394"
"E06000033",146408,"Bisexual",1917,"0.013093547"
"E06000033",146408,"All other sexual orientations",467,"0.003189716"
"E06000033",146408,"Not answered",10223,"0.069825419"
"E06000034",136363,"Straight or Heterosexual",124683,"0.914346267"
"E06000034",136363,"Gay or Lesbian",1259,"0.009232710"
"E06000034",136363,"Bisexual",1095,"0.008030037"
"E06000034",136363,"All other sexual orientations",372,"0.002728013"
"E06000034",136363,"Not answered",8954,"0.065662973"
"E06000035",222756,"Straight or Heterosexual",201694,"0.905448114"
"E06000035",222756,"Gay or Lesbian",2979,"0.013373377"
"E06000035",222756,"Bisexual",2528,"0.011348740"
"E06000035",222756,"All other sexual orientations",674,"0.003025732"
"E06000035",222756,"Not answered",14881,"0.066804037"
"E06000036",99933,"Straight or Heterosexual",91303,"0.913642140"
"E06000036",99933,"Gay or Lesbian",1324,"0.013248877"
"E06000036",99933,"Bisexual",1031,"0.010316912"
"E06000036",99933,"All other sexual orientations",261,"0.002611750"
"E06000036",99933,"Not answered",6014,"0.060180321"
"E06000037",130736,"Straight or Heterosexual",119258,"0.912204749"
"E06000037",130736,"Gay or Lesbian",1419,"0.010853935"
"E06000037",130736,"Bisexual",1293,"0.009890160"
"E06000037",130736,"All other sexual orientations",307,"0.002348244"
"E06000037",130736,"Not answered",8459,"0.064702913"
"E06000038",141360,"Straight or Heterosexual",122731,"0.868215903"
"E06000038",141360,"Gay or Lesbian",2296,"0.016242218"
"E06000038",141360,"Bisexual",2791,"0.019743916"
"E06000038",141360,"All other sexual orientations",804,"0.005687606"
"E06000038",141360,"Not answered",12738,"0.090110357"
"E06000039",118934,"Straight or Heterosexual",104943,"0.882363328"
"E06000039",118934,"Gay or Lesbian",806,"0.006776868"
"E06000039",118934,"Bisexual",1095,"0.009206787"
"E06000039",118934,"All other sexual orientations",413,"0.003472514"
"E06000039",118934,"Not answered",11677,"0.098180503"
"E06000040",123677,"Straight or Heterosexual",112211,"0.907290765"
"E06000040",123677,"Gay or Lesbian",1585,"0.012815641"
"E06000040",123677,"Bisexual",1010,"0.008166434"
"E06000040",123677,"All other sexual orientations",258,"0.002086079"
"E06000040",123677,"Not answered",8613,"0.069641081"
"E06000041",140821,"Straight or Heterosexual",128426,"0.911980457"
"E06000041",140821,"Gay or Lesbian",1467,"0.010417480"
"E06000041",140821,"Bisexual",1311,"0.009309691"
"E06000041",140821,"All other sexual orientations",364,"0.002584842"
"E06000041",140821,"Not answered",9253,"0.065707529"
"E06000042",224831,"Straight or Heterosexual",202083,"0.898821782"
"E06000042",224831,"Gay or Lesbian",2757,"0.012262544"
"E06000042",224831,"Bisexual",2806,"0.012480485"
"E06000042",224831,"All other sexual orientations",777,"0.003455929"
"E06000042",224831,"Not answered",16408,"0.072979260"
"E06000043",235367,"Straight or Heterosexual",189745,"0.806166540"
"E06000043",235367,"Gay or Lesbian",13726,"0.058317436"
"E06000043",235367,"Bisexual",8916,"0.037881266"
"E06000043",235367,"All other sexual orientations",2605,"0.011067822"
"E06000043",235367,"Not answered",20375,"0.086566936"
"E06000044",170818,"Straight or Heterosexual",149768,"0.876769427"
"E06000044",170818,"Gay or Lesbian",3386,"0.019822267"
"E06000044",170818,"Bisexual",3670,"0.021484855"
"E06000044",170818,"All other sexual orientations",880,"0.005151682"
"E06000044",170818,"Not answered",13114,"0.076771769"
"E06000045",204368,"Straight or Heterosexual",177317,"0.867635833"
"E06000045",204368,"Gay or Lesbian",4071,"0.019919948"
"E06000045",204368,"Bisexual",4830,"0.023633837"
"E06000045",204368,"All other sexual orientations",1181,"0.005778791"
"E06000045",204368,"Not answered",16969,"0.083031590"
"E06000046",119586,"Straight or Heterosexual",106995,"0.894711756"
"E06000046",119586,"Gay or Lesbian",1550,"0.012961383"
"E06000046",119586,"Bisexual",1415,"0.011832489"
"E06000046",119586,"All other sexual orientations",320,"0.002675899"
"E06000046",119586,"Not answered",9306,"0.077818474"
"E06000047",433958,"Straight or Heterosexual",396553,"0.913805023"
"E06000047",433958,"Gay or Lesbian",6142,"0.014153443"
"E06000047",433958,"Bisexual",5154,"0.011876725"
"E06000047",433958,"All other sexual orientations",1074,"0.002474894"
"E06000047",433958,"Not answered",25035,"0.057689915"
"E06000049",329474,"Straight or Heterosexual",301391,"0.914764139"
"E06000049",329474,"Gay or Lesbian",4238,"0.012862927"
"E06000049",329474,"Bisexual",2982,"0.009050790"
"E06000049",329474,"All other sexual orientations",882,"0.002676994"
"E06000049",329474,"Not answered",19981,"0.060645150"
"E06000050",295358,"Straight or Heterosexual",269319,"0.911839192"
"E06000050",295358,"Gay or Lesbian",4257,"0.014413017"
"E06000050",295358,"Bisexual",3238,"0.010962967"
"E06000050",295358,"All other sexual orientations",818,"0.002769520"
"E06000050",295358,"Not answered",17726,"0.060015303"
"E06000051",272246,"Straight or Heterosexual",246550,"0.905614775"
"E06000051",272246,"Gay or Lesbian",3194,"0.011732036"
"E06000051",272246,"Bisexual",2616,"0.009608957"
"E06000051",272246,"All other sexual orientations",508,"0.001865959"
"E06000051",272246,"Not answered",19378,"0.071178273"
"E06000052",477425,"Straight or Heterosexual",426761,"0.893880714"
"E06000052",477425,"Gay or Lesbian",6453,"0.013516259"
"E06000052",477425,"Bisexual",6194,"0.012973766"
"E06000052",477425,"All other sexual orientations",1489,"0.003118814"
"E06000052",477425,"Not answered",36528,"0.076510447"
"E06000053",1730,"Straight or Heterosexual",1565,"0.904624277"
"E06000053",1730,"Gay or Lesbian",13,"0.007514451"
"E06000053",1730,"Bisexual",29,"0.016763006"
"E06000053",1730,"All other sexual orientations",5,"0.002890173"
"E06000053",1730,"Not answered",118,"0.068208092"
"E06000054",419114,"Straight or Heterosexual",381141,"0.909396966"
"E06000054",419114,"Gay or Lesbian",4755,"0.011345362"
"E06000054",419114,"Bisexual",4674,"0.011152097"
"E06000054",419114,"All other sexual orientations",1024,"0.002443249"
"E06000054",419114,"Not answered",27520,"0.065662326"
"E06000055",148118,"Straight or Heterosexual",133369,"0.900423986"
"E06000055",148118,"Gay or Lesbian",1780,"0.012017446"
"E06000055",148118,"Bisexual",1752,"0.011828407"
"E06000055",148118,"All other sexual orientations",472,"0.003186648"
"E06000055",148118,"Not answered",10745,"0.072543513"
"E06000056",236760,"Straight or Heterosexual",216745,"0.915462916"
"E06000056",236760,"Gay or Lesbian",2645,"0.011171651"
"E06000056",236760,"Bisexual",2305,"0.009735597"
"E06000056",236760,"All other sexual orientations",510,"0.002154080"
"E06000056",236760,"Not answered",14555,"0.061475756"
"E06000057",268848,"Straight or Heterosexual",247647,"0.921141314"
"E06000057",268848,"Gay or Lesbian",3314,"0.012326668"
"E06000057",268848,"Bisexual",2249,"0.008365322"
"E06000057",268848,"All other sexual orientations",467,"0.001737041"
"E06000057",268848,"Not answered",15171,"0.056429655"
"E06000058",334909,"Straight or Heterosexual",296257,"0.884589545"
"E06000058",334909,"Gay or Lesbian",6494,"0.019390342"
"E06000058",334909,"Bisexual",5358,"0.015998376"
"E06000058",334909,"All other sexual orientations",1220,"0.003642781"
"E06000058",334909,"Not answered",25580,"0.076378957"
"E06000059",321902,"Straight or Heterosexual",291721,"0.906241651"
"E06000059",321902,"Gay or Lesbian",3575,"0.011105865"
"E06000059",321902,"Bisexual",2889,"0.008974781"
"E06000059",321902,"All other sexual orientations",614,"0.001907413"
"E06000059",321902,"Not answered",23103,"0.071770290"
"E06000060",443395,"Straight or Heterosexual",402282,"0.907276807"
"E06000060",443395,"Gay or Lesbian",4442,"0.010018155"
"E06000060",443395,"Bisexual",4060,"0.009156621"
"E06000060",443395,"All other sexual orientations",1182,"0.002665795"
"E06000060",443395,"Not answered",31429,"0.070882622"
"E06000061",289189,"Straight or Heterosexual",261791,"0.905259190"
"E06000061",289189,"Gay or Lesbian",3354,"0.011597952"
"E06000061",289189,"Bisexual",2918,"0.010090287"
"E06000061",289189,"All other sexual orientations",843,"0.002915049"
"E06000061",289189,"Not answered",20283,"0.070137523"
"E06000062",343502,"Straight or Heterosexual",308571,"0.898309180"
"E06000062",343502,"Gay or Lesbian",4175,"0.012154223"
"E06000062",343502,"Bisexual",4056,"0.011807792"
"E06000062",343502,"All other sexual orientations",1201,"0.003496341"
"E06000062",343502,"Not answered",25499,"0.074232464"
"E07000008",124768,"Straight or Heterosexual",100519,"0.805647281"
"E07000008",124768,"Gay or Lesbian",3419,"0.027402860"
"E07000008",124768,"Bisexual",4769,"0.038222942"
"E07000008",124768,"All other sexual orientations",1201,"0.009625866"
"E07000008",124768,"Not answered",14860,"0.119101052"
"E07000009",71429,"Straight or Heterosexual",64637,"0.904912571"
"E07000009",71429,"Gay or Lesbian",759,"0.010625936"
"E07000009",71429,"Bisexual",855,"0.011969928"
"E07000009",71429,"All other sexual orientations",235,"0.003289980"
"E07000009",71429,"Not answered",4943,"0.069201585"
"E07000010",84832,"Straight or Heterosexual",76361,"0.900143814"
"E07000010",84832,"Gay or Lesbian",934,"0.011009996"
"E07000010",84832,"Bisexual",885,"0.010432384"
"E07000010",84832,"All other sexual orientations",258,"0.003041305"
"E07000010",84832,"Not answered",6394,"0.075372501"
"E07000011",148261,"Straight or Heterosexual",135126,"0.911406236"
"E07000011",148261,"Gay or Lesbian",1870,"0.012612892"
"E07000011",148261,"Bisexual",1675,"0.011297644"
"E07000011",148261,"All other sexual orientations",392,"0.002643986"
"E07000011",148261,"Not answered",9198,"0.062039242"
"E07000012",130361,"Straight or Heterosexual",117371,"0.900353633"
"E07000012",130361,"Gay or Lesbian",1486,"0.011399115"
"E07000012",130361,"Bisexual",1614,"0.012381004"
"E07000012",130361,"All other sexual orientations",454,"0.003482637"
"E07000012",130361,"Not answered",9436,"0.072383612"
"E07000026",80513,"Straight or Heterosexual",73905,"0.917926298"
"E07000026",80513,"Gay or Lesbian",871,"0.010818129"
"E07000026",80513,"Bisexual",631,"0.007837244"
"E07000026",80513,"All other sexual orientations",134,"0.001664327"
"E07000026",80513,"Not answered",4972,"0.061754002"
"E07000027",55834,"Straight or Heterosexual",50884,"0.911344342"
"E07000027",55834,"Gay or Lesbian",679,"0.012161049"
"E07000027",55834,"Bisexual",538,"0.009635706"
"E07000027",55834,"All other sexual orientations",163,"0.002919368"
"E07000027",55834,"Not answered",3570,"0.063939535"
"E07000028",91343,"Straight or Heterosexual",82928,"0.907874714"
"E07000028",91343,"Gay or Lesbian",1243,"0.013608049"
"E07000028",91343,"Bisexual",1026,"0.011232388"
"E07000028",91343,"All other sexual orientations",232,"0.002539877"
"E07000028",91343,"Not answered",5914,"0.064744972"
"E07000029",56006,"Straight or Heterosexual",51294,"0.915866157"
"E07000029",56006,"Gay or Lesbian",642,"0.011463058"
"E07000029",56006,"Bisexual",494,"0.008820484"
"E07000029",56006,"All other sexual orientations",92,"0.001642681"
"E07000029",56006,"Not answered",3484,"0.062207621"
"E07000030",46633,"Straight or Heterosexual",42425,"0.909763472"
"E07000030",46633,"Gay or Lesbian",470,"0.010078700"
"E07000030",46633,"Bisexual",362,"0.007762743"
"E07000030",46633,"All other sexual orientations",99,"0.002122960"
"E07000030",46633,"Not answered",3277,"0.070272125"
"E07000031",89703,"Straight or Heterosexual",81419,"0.907650803"
"E07000031",89703,"Gay or Lesbian",990,"0.011036420"
"E07000031",89703,"Bisexual",849,"0.009464566"
"E07000031",89703,"All other sexual orientations",197,"0.002196136"
"E07000031",89703,"Not answered",6248,"0.069652074"
"E07000032",105063,"Straight or Heterosexual",95350,"0.907550708"
"E07000032",105063,"Gay or Lesbian",1415,"0.013468110"
"E07000032",105063,"Bisexual",992,"0.009441954"
"E07000032",105063,"All other sexual orientations",190,"0.001808439"
"E07000032",105063,"Not answered",7116,"0.067730790"
"E07000033",66278,"Straight or Heterosexual",60335,"0.910332237"
"E07000033",66278,"Gay or Lesbian",976,"0.014725852"
"E07000033",66278,"Bisexual",585,"0.008826458"
"E07000033",66278,"All other sexual orientations",127,"0.001916171"
"E07000033",66278,"Not answered",4255,"0.064199282"
"E07000034",86003,"Straight or Heterosexual",77927,"0.906096299"
"E07000034",86003,"Gay or Lesbian",1273,"0.014801809"
"E07000034",86003,"Bisexual",1014,"0.011790286"
"E07000034",86003,"All other sexual orientations",183,"0.002127833"
"E07000034",86003,"Not answered",5606,"0.065183773"
"E07000035",61060,"Straight or Heterosexual",55628,"0.911038323"
"E07000035",61060,"Gay or Lesbian",680,"0.011136587"
"E07000035",61060,"Bisexual",475,"0.007779234"
"E07000035",61060,"All other sexual orientations",110,"0.001801507"
"E07000035",61060,"Not answered",4167,"0.068244350"
"E07000036",93527,"Straight or Heterosexual",84981,"0.908625317"
"E07000036",93527,"Gay or Lesbian",1282,"0.013707272"
"E07000036",93527,"Bisexual",1119,"0.011964459"
"E07000036",93527,"All other sexual orientations",203,"0.002170496"
"E07000036",93527,"Not answered",5942,"0.063532456"
"E07000037",75660,"Straight or Heterosexual",68820,"0.909595559"
"E07000037",75660,"Gay or Lesbian",1038,"0.013719270"
"E07000037",75660,"Bisexual",885,"0.011697066"
"E07000037",75660,"All other sexual orientations",216,"0.002854877"
"E07000037",75660,"Not answered",4701,"0.062133228"
"E07000038",85272,"Straight or Heterosexual",78429,"0.919750915"
"E07000038",85272,"Gay or Lesbian",971,"0.011387091"
"E07000038",85272,"Bisexual",699,"0.008197298"
"E07000038",85272,"All other sexual orientations",117,"0.001372080"
"E07000038",85272,"Not answered",5056,"0.059292617"
"E07000039",86954,"Straight or Heterosexual",79826,"0.918025623"
"E07000039",86954,"Gay or Lesbian",1132,"0.013018378"
"E07000039",86954,"Bisexual",746,"0.008579249"
"E07000039",86954,"All other sexual orientations",162,"0.001863054"
"E07000039",86954,"Not answered",5088,"0.058513697"
"E07000040",127388,"Straight or Heterosexual",115356,"0.905548403"
"E07000040",127388,"Gay or Lesbian",1456,"0.011429648"
"E07000040",127388,"Bisexual",1143,"0.008972588"
"E07000040",127388,"All other sexual orientations",281,"0.002205859"
"E07000040",127388,"Not answered",9152,"0.071843502"
"E07000041",111331,"Straight or Heterosexual",95950,"0.861844410"
"E07000041",111331,"Gay or Lesbian",2154,"0.019347711"
"E07000041",111331,"Bisexual",3062,"0.027503570"
"E07000041",111331,"All other sexual orientations",679,"0.006098930"
"E07000041",111331,"Not answered",9486,"0.085205379"
"E07000042",68205,"Straight or Heterosexual",61506,"0.901781394"
"E07000042",68205,"Gay or Lesbian",768,"0.011260172"
"E07000042",68205,"Bisexual",720,"0.010556411"
"E07000042",68205,"All other sexual orientations",186,"0.002727073"
"E07000042",68205,"Not answered",5025,"0.073674951"
"E07000043",82193,"Straight or Heterosexual",74190,"0.902631611"
"E07000043",82193,"Gay or Lesbian",913,"0.011108002"
"E07000043",82193,"Bisexual",807,"0.009818354"
"E07000043",82193,"All other sexual orientations",204,"0.002481963"
"E07000043",82193,"Not answered",6079,"0.073960070"
"E07000044",74968,"Straight or Heterosexual",67712,"0.903212037"
"E07000044",74968,"Gay or Lesbian",858,"0.011444883"
"E07000044",74968,"Bisexual",770,"0.010271049"
"E07000044",74968,"All other sexual orientations",231,"0.003081315"
"E07000044",74968,"Not answered",5397,"0.071990716"
"E07000045",113461,"Straight or Heterosexual",102424,"0.902724284"
"E07000045",113461,"Gay or Lesbian",1412,"0.012444805"
"E07000045",113461,"Bisexual",1182,"0.010417677"
"E07000045",113461,"All other sexual orientations",276,"0.002432554"
"E07000045",113461,"Not answered",8167,"0.071980681"
"E07000046",57558,"Straight or Heterosexual",51744,"0.898988846"
"E07000046",57558,"Gay or Lesbian",723,"0.012561243"
"E07000046",57558,"Bisexual",516,"0.008964870"
"E07000046",57558,"All other sexual orientations",109,"0.001893742"
"E07000046",57558,"Not answered",4466,"0.077591299"
"E07000047",48363,"Straight or Heterosexual",43550,"0.900481773"
"E07000047",48363,"Gay or Lesbian",536,"0.011082853"
"E07000047",48363,"Bisexual",470,"0.009718173"
"E07000047",48363,"All other sexual orientations",132,"0.002729359"
"E07000047",48363,"Not answered",3675,"0.075987842"
"E07000061",84576,"Straight or Heterosexual",74493,"0.880781782"
"E07000061",84576,"Gay or Lesbian",1736,"0.020525918"
"E07000061",84576,"Bisexual",1252,"0.014803254"
"E07000061",84576,"All other sexual orientations",290,"0.003428869"
"E07000061",84576,"Not answered",6805,"0.080460178"
"E07000062",74704,"Straight or Heterosexual",65010,"0.870234526"
"E07000062",74704,"Gay or Lesbian",1743,"0.023332084"
"E07000062",74704,"Bisexual",1387,"0.018566610"
"E07000062",74704,"All other sexual orientations",330,"0.004417434"
"E07000062",74704,"Not answered",6234,"0.083449347"
"E07000063",83222,"Straight or Heterosexual",73994,"0.889115859"
"E07000063",83222,"Gay or Lesbian",1959,"0.023539449"
"E07000063",83222,"Bisexual",1111,"0.013349835"
"E07000063",83222,"All other sexual orientations",297,"0.003568768"
"E07000063",83222,"Not answered",5861,"0.070426089"
"E07000064",79491,"Straight or Heterosexual",71366,"0.897787171"
"E07000064",79491,"Gay or Lesbian",1175,"0.014781548"
"E07000064",79491,"Bisexual",706,"0.008881509"
"E07000064",79491,"All other sexual orientations",151,"0.001899586"
"E07000064",79491,"Not answered",6093,"0.076650187"
"E07000065",133648,"Straight or Heterosexual",121460,"0.908805220"
"E07000065",133648,"Gay or Lesbian",1645,"0.012308452"
"E07000065",133648,"Bisexual",1129,"0.008447564"
"E07000065",133648,"All other sexual orientations",290,"0.002169879"
"E07000065",133648,"Not answered",9124,"0.068268885"
"E07000066",148663,"Straight or Heterosexual",136332,"0.917054008"
"E07000066",148663,"Gay or Lesbian",1573,"0.010580978"
"E07000066",148663,"Bisexual",1152,"0.007749070"
"E07000066",148663,"All other sexual orientations",331,"0.002226512"
"E07000066",148663,"Not answered",9275,"0.062389431"
"E07000067",126569,"Straight or Heterosexual",115511,"0.912632635"
"E07000067",126569,"Gay or Lesbian",1393,"0.011005855"
"E07000067",126569,"Bisexual",1151,"0.009093854"
"E07000067",126569,"All other sexual orientations",248,"0.001959406"
"E07000067",126569,"Not answered",8266,"0.065308251"
"E07000068",62865,"Straight or Heterosexual",57812,"0.919621411"
"E07000068",62865,"Gay or Lesbian",617,"0.009814682"
"E07000068",62865,"Bisexual",377,"0.005996978"
"E07000068",62865,"All other sexual orientations",110,"0.001749781"
"E07000068",62865,"Not answered",3949,"0.062817148"
"E07000069",74412,"Straight or Heterosexual",68673,"0.922875343"
"E07000069",74412,"Gay or Lesbian",624,"0.008385744"
"E07000069",74412,"Bisexual",448,"0.006020534"
"E07000069",74412,"All other sexual orientations",104,"0.001397624"
"E07000069",74412,"Not answered",4563,"0.061320755"
"E07000070",147738,"Straight or Heterosexual",134772,"0.912236527"
"E07000070",147738,"Gay or Lesbian",1669,"0.011297026"
"E07000070",147738,"Bisexual",1374,"0.009300248"
"E07000070",147738,"All other sexual orientations",336,"0.002274296"
"E07000070",147738,"Not answered",9587,"0.064891903"
"E07000071",156343,"Straight or Heterosexual",139850,"0.894507589"
"E07000071",156343,"Gay or Lesbian",2280,"0.014583320"
"E07000071",156343,"Bisexual",2449,"0.015664277"
"E07000071",156343,"All other sexual orientations",605,"0.003869697"
"E07000071",156343,"Not answered",11159,"0.071375118"
"E07000072",109932,"Straight or Heterosexual",100420,"0.913473784"
"E07000072",109932,"Gay or Lesbian",1139,"0.010360950"
"E07000072",109932,"Bisexual",763,"0.006940654"
"E07000072",109932,"All other sexual orientations",228,"0.002074009"
"E07000072",109932,"Not answered",7382,"0.067150602"
"E07000073",73103,"Straight or Heterosexual",66413,"0.908485288"
"E07000073",73103,"Gay or Lesbian",875,"0.011969413"
"E07000073",73103,"Bisexual",703,"0.009616568"
"E07000073",73103,"All other sexual orientations",216,"0.002954735"
"E07000073",73103,"Not answered",4896,"0.066973996"
"E07000074",55429,"Straight or Heterosexual",51146,"0.922729979"
"E07000074",55429,"Gay or Lesbian",541,"0.009760234"
"E07000074",55429,"Bisexual",417,"0.007523138"
"E07000074",55429,"All other sexual orientations",93,"0.001677822"
"E07000074",55429,"Not answered",3232,"0.058308828"
"E07000075",70711,"Straight or Heterosexual",65692,"0.929020944"
"E07000075",70711,"Gay or Lesbian",613,"0.008669090"
"E07000075",70711,"Bisexual",431,"0.006095233"
"E07000075",70711,"All other sexual orientations",95,"0.001343497"
"E07000075",70711,"Not answered",3880,"0.054871236"
"E07000076",124891,"Straight or Heterosexual",112894,"0.903940236"
"E07000076",124891,"Gay or Lesbian",1387,"0.011105684"
"E07000076",124891,"Bisexual",1027,"0.008223171"
"E07000076",124891,"All other sexual orientations",228,"0.001825592"
"E07000076",124891,"Not answered",9355,"0.074905317"
"E07000077",73521,"Straight or Heterosexual",67689,"0.920675725"
"E07000077",73521,"Gay or Lesbian",710,"0.009657105"
"E07000077",73521,"Bisexual",588,"0.007997715"
"E07000077",73521,"All other sexual orientations",155,"0.002108241"
"E07000077",73521,"Not answered",4379,"0.059561214"
"E07000078",98436,"Straight or Heterosexual",87790,"0.891848511"
"E07000078",98436,"Gay or Lesbian",1581,"0.016061197"
"E07000078",98436,"Bisexual",1812,"0.018407900"
"E07000078",98436,"All other sexual orientations",443,"0.004500386"
"E07000078",98436,"Not answered",6810,"0.069182007"
"E07000079",76315,"Straight or Heterosexual",69820,"0.914892223"
"E07000079",76315,"Gay or Lesbian",876,"0.011478739"
"E07000079",76315,"Bisexual",649,"0.008504226"
"E07000079",76315,"All other sexual orientations",144,"0.001886916"
"E07000079",76315,"Not answered",4826,"0.063237896"
"E07000080",73047,"Straight or Heterosexual",66188,"0.906101551"
"E07000080",73047,"Gay or Lesbian",747,"0.010226293"
"E07000080",73047,"Bisexual",705,"0.009651320"
"E07000080",73047,"All other sexual orientations",210,"0.002874861"
"E07000080",73047,"Not answered",5197,"0.071145975"
"E07000081",106937,"Straight or Heterosexual",96058,"0.898267204"
"E07000081",106937,"Gay or Lesbian",1487,"0.013905384"
"E07000081",106937,"Bisexual",1450,"0.013559385"
"E07000081",106937,"All other sexual orientations",378,"0.003534792"
"E07000081",106937,"Not answered",7564,"0.070733235"
"E07000082",100195,"Straight or Heterosexual",90493,"0.903168821"
"E07000082",100195,"Gay or Lesbian",1246,"0.012435750"
"E07000082",100195,"Bisexual",1153,"0.011507560"
"E07000082",100195,"All other sexual orientations",314,"0.003133889"
"E07000082",100195,"Not answered",6989,"0.069753980"
"E07000083",77353,"Straight or Heterosexual",70842,"0.915827440"
"E07000083",77353,"Gay or Lesbian",875,"0.011311778"
"E07000083",77353,"Bisexual",663,"0.008571096"
"E07000083",77353,"All other sexual orientations",171,"0.002210645"
"E07000083",77353,"Not answered",4802,"0.062079040"
"E07000084",149807,"Straight or Heterosexual",136562,"0.911586241"
"E07000084",149807,"Gay or Lesbian",1914,"0.012776439"
"E07000084",149807,"Bisexual",1794,"0.011975408"
"E07000084",149807,"All other sexual orientations",455,"0.003037241"
"E07000084",149807,"Not answered",9082,"0.060624670"
"E07000085",103830,"Straight or Heterosexual",94943,"0.914408167"
"E07000085",103830,"Gay or Lesbian",1147,"0.011046904"
"E07000085",103830,"Bisexual",958,"0.009226620"
"E07000085",103830,"All other sexual orientations",230,"0.002215159"
"E07000085",103830,"Not answered",6552,"0.063103149"
"E07000086",110332,"Straight or Heterosexual",101243,"0.917621361"
"E07000086",110332,"Gay or Lesbian",1327,"0.012027336"
"E07000086",110332,"Bisexual",1204,"0.010912519"
"E07000086",110332,"All other sexual orientations",262,"0.002374651"
"E07000086",110332,"Not answered",6296,"0.057064134"
"E07000087",95638,"Straight or Heterosexual",87856,"0.918630670"
"E07000087",95638,"Gay or Lesbian",1214,"0.012693699"
"E07000087",95638,"Bisexual",862,"0.009013154"
"E07000087",95638,"All other sexual orientations",199,"0.002080763"
"E07000087",95638,"Not answered",5507,"0.057581714"
"E07000088",67211,"Straight or Heterosexual",61143,"0.909717159"
"E07000088",67211,"Gay or Lesbian",1055,"0.015696835"
"E07000088",67211,"Bisexual",870,"0.012944310"
"E07000088",67211,"All other sexual orientations",196,"0.002916189"
"E07000088",67211,"Not answered",3947,"0.058725506"
"E07000089",80328,"Straight or Heterosexual",74226,"0.924036451"
"E07000089",80328,"Gay or Lesbian",856,"0.010656309"
"E07000089",80328,"Bisexual",672,"0.008365701"
"E07000089",80328,"All other sexual orientations",169,"0.002103874"
"E07000089",80328,"Not answered",4405,"0.054837666"
"E07000090",102865,"Straight or Heterosexual",94059,"0.914392651"
"E07000090",102865,"Gay or Lesbian",1269,"0.012336558"
"E07000090",102865,"Bisexual",978,"0.009507607"
"E07000090",102865,"All other sexual orientations",220,"0.002138726"
"E07000090",102865,"Not answered",6339,"0.061624459"
"E07000091",148743,"Straight or Heterosexual",135869,"0.913448028"
"E07000091",148743,"Gay or Lesbian",1462,"0.009829034"
"E07000091",148743,"Bisexual",1178,"0.007919700"
"E07000091",148743,"All other sexual orientations",250,"0.001680751"
"E07000091",148743,"Not answered",9984,"0.067122486"
"E07000092",80871,"Straight or Heterosexual",72859,"0.900928639"
"E07000092",80871,"Gay or Lesbian",1055,"0.013045467"
"E07000092",80871,"Bisexual",1213,"0.014999196"
"E07000092",80871,"All other sexual orientations",353,"0.004364976"
"E07000092",80871,"Not answered",5391,"0.066661721"
"E07000093",106751,"Straight or Heterosexual",97662,"0.914857940"
"E07000093",106751,"Gay or Lesbian",1212,"0.011353524"
"E07000093",106751,"Bisexual",1070,"0.010023325"
"E07000093",106751,"All other sexual orientations",259,"0.002426207"
"E07000093",106751,"Not answered",6548,"0.061339004"
"E07000094",104750,"Straight or Heterosexual",94375,"0.900954654"
"E07000094",104750,"Gay or Lesbian",1314,"0.012544153"
"E07000094",104750,"Bisexual",1764,"0.016840095"
"E07000094",104750,"All other sexual orientations",417,"0.003980907"
"E07000094",104750,"Not answered",6880,"0.065680191"
"E07000095",79437,"Straight or Heterosexual",72572,"0.913579314"
"E07000095",79437,"Gay or Lesbian",707,"0.008900135"
"E07000095",79437,"Bisexual",510,"0.006420182"
"E07000095",79437,"All other sexual orientations",178,"0.002240769"
"E07000095",79437,"Not answered",5470,"0.068859599"
"E07000096",123780,"Straight or Heterosexual",112619,"0.909831960"
"E07000096",123780,"Gay or Lesbian",1369,"0.011059945"
"E07000096",123780,"Bisexual",1233,"0.009961222"
"E07000096",123780,"All other sexual orientations",329,"0.002657942"
"E07000096",123780,"Not answered",8230,"0.066488932"
"E07000098",86193,"Straight or Heterosexual",77939,"0.904238163"
"E07000098",86193,"Gay or Lesbian",846,"0.009815182"
"E07000098",86193,"Bisexual",707,"0.008202522"
"E07000098",86193,"All other sexual orientations",256,"0.002970079"
"E07000098",86193,"Not answered",6445,"0.074774054"
"E07000099",107742,"Straight or Heterosexual",97811,"0.907826103"
"E07000099",107742,"Gay or Lesbian",1378,"0.012789813"
"E07000099",107742,"Bisexual",1273,"0.011815262"
"E07000099",107742,"All other sexual orientations",290,"0.002691615"
"E07000099",107742,"Not answered",6990,"0.064877207"
"E07000102",75003,"Straight or Heterosexual",68658,"0.915403384"
"E07000102",75003,"Gay or Lesbian",675,"0.008999640"
"E07000102",75003,"Bisexual",576,"0.007679693"
"E07000102",75003,"All other sexual orientations",164,"0.002186579"
"E07000102",75003,"Not answered",4930,"0.065730704"
"E07000103",80963,"Straight or Heterosexual",72016,"0.889492731"
"E07000103",80963,"Gay or Lesbian",914,"0.011289107"
"E07000103",80963,"Bisexual",962,"0.011881971"
"E07000103",80963,"All other sexual orientations",312,"0.003853612"
"E07000103",80963,"Not answered",6759,"0.083482578"
"E07000105",106769,"Straight or Heterosexual",97030,"0.908784385"
"E07000105",106769,"Gay or Lesbian",1378,"0.012906368"
"E07000105",106769,"Bisexual",1107,"0.010368178"
"E07000105",106769,"All other sexual orientations",290,"0.002716144"
"E07000105",106769,"Not answered",6964,"0.065224925"
"E07000106",132773,"Straight or Heterosexual",116186,"0.875072492"
"E07000106",132773,"Gay or Lesbian",2354,"0.017729508"
"E07000106",132773,"Bisexual",2926,"0.022037613"
"E07000106",132773,"All other sexual orientations",687,"0.005174245"
"E07000106",132773,"Not answered",10620,"0.079986142"
"E07000107",90698,"Straight or Heterosexual",82718,"0.912015700"
"E07000107",90698,"Gay or Lesbian",1047,"0.011543805"
"E07000107",90698,"Bisexual",822,"0.009063044"
"E07000107",90698,"All other sexual orientations",177,"0.001951531"
"E07000107",90698,"Not answered",5934,"0.065425919"
"E07000108",96130,"Straight or Heterosexual",86739,"0.902309373"
"E07000108",96130,"Gay or Lesbian",1570,"0.016332050"
"E07000108",96130,"Bisexual",1079,"0.011224384"
"E07000108",96130,"All other sexual orientations",218,"0.002267762"
"E07000108",96130,"Not answered",6524,"0.067866431"
"E07000109",84555,"Straight or Heterosexual",76943,"0.909975755"
"E07000109",84555,"Gay or Lesbian",892,"0.010549347"
"E07000109",84555,"Bisexual",821,"0.009709656"
"E07000109",84555,"All other sexual orientations",278,"0.003287801"
"E07000109",84555,"Not answered",5621,"0.066477441"
"E07000110",142136,"Straight or Heterosexual",129562,"0.911535431"
"E07000110",142136,"Gay or Lesbian",1687,"0.011868914"
"E07000110",142136,"Bisexual",1372,"0.009652727"
"E07000110",142136,"All other sexual orientations",362,"0.002546857"
"E07000110",142136,"Not answered",9153,"0.064396071"
"E07000111",96603,"Straight or Heterosexual",88646,"0.917631958"
"E07000111",96603,"Gay or Lesbian",942,"0.009751250"
"E07000111",96603,"Bisexual",713,"0.007380723"
"E07000111",96603,"All other sexual orientations",169,"0.001749428"
"E07000111",96603,"Not answered",6133,"0.063486641"
"E07000112",91555,"Straight or Heterosexual",82894,"0.905401125"
"E07000112",91555,"Gay or Lesbian",1341,"0.014646934"
"E07000112",91555,"Bisexual",980,"0.010703948"
"E07000112",91555,"All other sexual orientations",242,"0.002643220"
"E07000112",91555,"Not answered",6098,"0.066604773"
"E07000113",122000,"Straight or Heterosexual",111489,"0.913844262"
"E07000113",122000,"Gay or Lesbian",1687,"0.013827869"
"E07000113",122000,"Bisexual",1219,"0.009991803"
"E07000113",122000,"All other sexual orientations",326,"0.002672131"
"E07000113",122000,"Not answered",7279,"0.059663934"
"E07000114",115417,"Straight or Heterosexual",103415,"0.896011853"
"E07000114",115417,"Gay or Lesbian",1938,"0.016791287"
"E07000114",115417,"Bisexual",1534,"0.013290936"
"E07000114",115417,"All other sexual orientations",397,"0.003439701"
"E07000114",115417,"Not answered",8133,"0.070466222"
"E07000115",105526,"Straight or Heterosexual",97074,"0.919905995"
"E07000115",105526,"Gay or Lesbian",1000,"0.009476338"
"E07000115",105526,"Bisexual",947,"0.008974092"
"E07000115",105526,"All other sexual orientations",207,"0.001961602"
"E07000115",105526,"Not answered",6298,"0.059681974"
"E07000116",92402,"Straight or Heterosexual",83692,"0.905737971"
"E07000116",92402,"Gay or Lesbian",1076,"0.011644770"
"E07000116",92402,"Bisexual",1001,"0.010833099"
"E07000116",92402,"All other sexual orientations",244,"0.002640635"
"E07000116",92402,"Not answered",6389,"0.069143525"
"E07000117",75199,"Straight or Heterosexual",67539,"0.898136943"
"E07000117",75199,"Gay or Lesbian",974,"0.012952300"
"E07000117",75199,"Bisexual",741,"0.009853854"
"E07000117",75199,"All other sexual orientations",236,"0.003138340"
"E07000117",75199,"Not answered",5709,"0.075918563"
"E07000118",96369,"Straight or Heterosexual",88330,"0.916581058"
"E07000118",96369,"Gay or Lesbian",1257,"0.013043614"
"E07000118",96369,"Bisexual",976,"0.010127738"
"E07000118",96369,"All other sexual orientations",165,"0.001712169"
"E07000118",96369,"Not answered",5641,"0.058535421"
"E07000119",69250,"Straight or Heterosexual",63551,"0.917703971"
"E07000119",69250,"Gay or Lesbian",1012,"0.014613718"
"E07000119",69250,"Bisexual",557,"0.008043321"
"E07000119",69250,"All other sexual orientations",136,"0.001963899"
"E07000119",69250,"Not answered",3994,"0.057675090"
"E07000120",65631,"Straight or Heterosexual",59339,"0.904130670"
"E07000120",65631,"Gay or Lesbian",808,"0.012311255"
"E07000120",65631,"Bisexual",636,"0.009690543"
"E07000120",65631,"All other sexual orientations",136,"0.002072191"
"E07000120",65631,"Not answered",4712,"0.071795341"
"E07000121",119640,"Straight or Heterosexual",105041,"0.877975593"
"E07000121",119640,"Gay or Lesbian",2128,"0.017786693"
"E07000121",119640,"Bisexual",2491,"0.020820796"
"E07000121",119640,"All other sexual orientations",579,"0.004839519"
"E07000121",119640,"Not answered",9401,"0.078577399"
"E07000122",75222,"Straight or Heterosexual",67188,"0.893196139"
"E07000122",75222,"Gay or Lesbian",750,"0.009970487"
"E07000122",75222,"Bisexual",608,"0.008082742"
"E07000122",75222,"All other sexual orientations",228,"0.003031028"
"E07000122",75222,"Not answered",6448,"0.085719603"
"E07000123",118669,"Straight or Heterosexual",105022,"0.884999452"
"E07000123",118669,"Gay or Lesbian",1844,"0.015539020"
"E07000123",118669,"Bisexual",2144,"0.018067060"
"E07000123",118669,"All other sexual orientations",505,"0.004255534"
"E07000123",118669,"Not answered",9154,"0.077138933"
"E07000124",51462,"Straight or Heterosexual",47597,"0.924896040"
"E07000124",51462,"Gay or Lesbian",444,"0.008627725"
"E07000124",51462,"Bisexual",337,"0.006548521"
"E07000124",51462,"All other sexual orientations",68,"0.001321363"
"E07000124",51462,"Not answered",3016,"0.058606350"
"E07000125",57298,"Straight or Heterosexual",52249,"0.911881741"
"E07000125",57298,"Gay or Lesbian",779,"0.013595588"
"E07000125",57298,"Bisexual",530,"0.009249887"
"E07000125",57298,"All other sexual orientations",131,"0.002286293"
"E07000125",57298,"Not answered",3609,"0.062986492"
"E07000126",91499,"Straight or Heterosexual",84262,"0.920906239"
"E07000126",91499,"Gay or Lesbian",1156,"0.012634018"
"E07000126",91499,"Bisexual",871,"0.009519230"
"E07000126",91499,"All other sexual orientations",158,"0.001726795"
"E07000126",91499,"Not answered",5052,"0.055213718"
"E07000127",98333,"Straight or Heterosexual",89277,"0.907904773"
"E07000127",98333,"Gay or Lesbian",1240,"0.012610212"
"E07000127",98333,"Bisexual",1246,"0.012671229"
"E07000127",98333,"All other sexual orientations",282,"0.002867806"
"E07000127",98333,"Not answered",6288,"0.063945979"
"E07000128",94351,"Straight or Heterosexual",86350,"0.915199627"
"E07000128",94351,"Gay or Lesbian",1382,"0.014647434"
"E07000128",94351,"Bisexual",712,"0.007546290"
"E07000128",94351,"All other sexual orientations",150,"0.001589808"
"E07000128",94351,"Not answered",5757,"0.061016841"
"E07000129",83666,"Straight or Heterosexual",76694,"0.916668659"
"E07000129",83666,"Gay or Lesbian",1056,"0.012621615"
"E07000129",83666,"Bisexual",691,"0.008259030"
"E07000129",83666,"All other sexual orientations",148,"0.001768938"
"E07000129",83666,"Not answered",5077,"0.060681758"
"E07000130",153100,"Straight or Heterosexual",137579,"0.898621816"
"E07000130",153100,"Gay or Lesbian",1971,"0.012873939"
"E07000130",153100,"Bisexual",2069,"0.013514043"
"E07000130",153100,"All other sexual orientations",442,"0.002887002"
"E07000130",153100,"Not answered",11039,"0.072103201"
"E07000131",80428,"Straight or Heterosexual",73899,"0.918821803"
"E07000131",80428,"Gay or Lesbian",923,"0.011476103"
"E07000131",80428,"Bisexual",620,"0.007708758"
"E07000131",80428,"All other sexual orientations",141,"0.001753121"
"E07000131",80428,"Not answered",4845,"0.060240215"
"E07000132",93918,"Straight or Heterosexual",86221,"0.918045529"
"E07000132",93918,"Gay or Lesbian",1105,"0.011765583"
"E07000132",93918,"Bisexual",865,"0.009210162"
"E07000132",93918,"All other sexual orientations",195,"0.002076279"
"E07000132",93918,"Not answered",5532,"0.058902447"
"E07000133",42943,"Straight or Heterosexual",39330,"0.915865217"
"E07000133",42943,"Gay or Lesbian",479,"0.011154321"
"E07000133",42943,"Bisexual",403,"0.009384533"
"E07000133",42943,"All other sexual orientations",74,"0.001723214"
"E07000133",42943,"Not answered",2657,"0.061872715"
"E07000134",86165,"Straight or Heterosexual",78803,"0.914559276"
"E07000134",86165,"Gay or Lesbian",1072,"0.012441246"
"E07000134",86165,"Bisexual",866,"0.010050485"
"E07000134",86165,"All other sexual orientations",201,"0.002332734"
"E07000134",86165,"Not answered",5223,"0.060616260"
"E07000135",47210,"Straight or Heterosexual",42558,"0.901461555"
"E07000135",47210,"Gay or Lesbian",422,"0.008938784"
"E07000135",47210,"Bisexual",427,"0.009044694"
"E07000135",47210,"All other sexual orientations",121,"0.002563016"
"E07000135",47210,"Not answered",3682,"0.077991951"
"E07000136",57584,"Straight or Heterosexual",50755,"0.881408030"
"E07000136",57584,"Gay or Lesbian",567,"0.009846485"
"E07000136",57584,"Bisexual",493,"0.008561406"
"E07000136",57584,"All other sexual orientations",188,"0.003264796"
"E07000136",57584,"Not answered",5581,"0.096919283"
"E07000137",121418,"Straight or Heterosexual",109121,"0.898721771"
"E07000137",121418,"Gay or Lesbian",1461,"0.012032812"
"E07000137",121418,"Bisexual",1019,"0.008392495"
"E07000137",121418,"All other sexual orientations",221,"0.001820158"
"E07000137",121418,"Not answered",9596,"0.079032763"
"E07000138",87068,"Straight or Heterosexual",73780,"0.847383654"
"E07000138",87068,"Gay or Lesbian",1880,"0.021592319"
"E07000138",87068,"Bisexual",2974,"0.034157210"
"E07000138",87068,"All other sexual orientations",670,"0.007695135"
"E07000138",87068,"Not answered",7764,"0.089171682"
"E07000139",98015,"Straight or Heterosexual",89493,"0.913054124"
"E07000139",98015,"Gay or Lesbian",1093,"0.011151354"
"E07000139",98015,"Bisexual",940,"0.009590369"
"E07000139",98015,"All other sexual orientations",199,"0.002030301"
"E07000139",98015,"Not answered",6290,"0.064173851"
"E07000140",78997,"Straight or Heterosexual",70520,"0.892692128"
"E07000140",78997,"Gay or Lesbian",720,"0.009114270"
"E07000140",78997,"Bisexual",663,"0.008392724"
"E07000140",78997,"All other sexual orientations",183,"0.002316544"
"E07000140",78997,"Not answered",6911,"0.087484335"
"E07000141",118011,"Straight or Heterosexual",107682,"0.912474261"
"E07000141",118011,"Gay or Lesbian",1246,"0.010558338"
"E07000141",118011,"Bisexual",1145,"0.009702485"
"E07000141",118011,"All other sexual orientations",216,"0.001830338"
"E07000141",118011,"Not answered",7722,"0.065434578"
"E07000142",79118,"Straight or Heterosexual",72167,"0.912143886"
"E07000142",79118,"Gay or Lesbian",862,"0.010895119"
"E07000142",79118,"Bisexual",802,"0.010136758"
"E07000142",79118,"All other sexual orientations",165,"0.002085493"
"E07000142",79118,"Not answered",5122,"0.064738745"
"E07000143",117852,"Straight or Heterosexual",106301,"0.901987238"
"E07000143",117852,"Gay or Lesbian",1296,"0.010996843"
"E07000143",117852,"Bisexual",1202,"0.010199233"
"E07000143",117852,"All other sexual orientations",263,"0.002231613"
"E07000143",117852,"Not answered",8790,"0.074585073"
"E07000144",110503,"Straight or Heterosexual",100942,"0.913477462"
"E07000144",110503,"Gay or Lesbian",1277,"0.011556247"
"E07000144",110503,"Bisexual",963,"0.008714696"
"E07000144",110503,"All other sexual orientations",210,"0.001900401"
"E07000144",110503,"Not answered",7111,"0.064351194"
"E07000145",82719,"Straight or Heterosexual",74017,"0.894800469"
"E07000145",82719,"Gay or Lesbian",1080,"0.013056251"
"E07000145",82719,"Bisexual",879,"0.010626337"
"E07000145",82719,"All other sexual orientations",293,"0.003542112"
"E07000145",82719,"Not answered",6450,"0.077974830"
"E07000146",128892,"Straight or Heterosexual",116071,"0.900529125"
"E07000146",128892,"Gay or Lesbian",1425,"0.011055768"
"E07000146",128892,"Bisexual",1201,"0.009317879"
"E07000146",128892,"All other sexual orientations",291,"0.002257704"
"E07000146",128892,"Not answered",9904,"0.076839525"
"E07000147",89145,"Straight or Heterosexual",79634,"0.893308654"
"E07000147",89145,"Gay or Lesbian",1183,"0.013270514"
"E07000147",89145,"Bisexual",859,"0.009635986"
"E07000147",89145,"All other sexual orientations",193,"0.002165012"
"E07000147",89145,"Not answered",7276,"0.081619833"
"E07000148",120763,"Straight or Heterosexual",101477,"0.840298767"
"E07000148",120763,"Gay or Lesbian",3025,"0.025049063"
"E07000148",120763,"Bisexual",4700,"0.038919205"
"E07000148",120763,"All other sexual orientations",1118,"0.009257802"
"E07000148",120763,"Not answered",10443,"0.086475162"
"E07000149",117219,"Straight or Heterosexual",106656,"0.909886622"
"E07000149",117219,"Gay or Lesbian",1450,"0.012370008"
"E07000149",117219,"Bisexual",1174,"0.010015441"
"E07000149",117219,"All other sexual orientations",252,"0.002149822"
"E07000149",117219,"Not answered",7687,"0.065578106"
"E07000163",48284,"Straight or Heterosexual",44081,"0.912952531"
"E07000163",48284,"Gay or Lesbian",532,"0.011018143"
"E07000163",48284,"Bisexual",404,"0.008367161"
"E07000163",48284,"All other sexual orientations",96,"0.001988236"
"E07000163",48284,"Not answered",3171,"0.065673929"
"E07000164",76984,"Straight or Heterosexual",70818,"0.919905435"
"E07000164",76984,"Gay or Lesbian",700,"0.009092799"
"E07000164",76984,"Bisexual",550,"0.007144342"
"E07000164",76984,"All other sexual orientations",122,"0.001584745"
"E07000164",76984,"Not answered",4794,"0.062272680"
"E07000165",135304,"Straight or Heterosexual",122943,"0.908642760"
"E07000165",135304,"Gay or Lesbian",1531,"0.011315260"
"E07000165",135304,"Bisexual",1156,"0.008543724"
"E07000165",135304,"All other sexual orientations",298,"0.002202448"
"E07000165",135304,"Not answered",9376,"0.069295808"
"E07000166",41740,"Straight or Heterosexual",38420,"0.920459990"
"E07000166",41740,"Gay or Lesbian",450,"0.010781025"
"E07000166",41740,"Bisexual",366,"0.008768567"
"E07000166",41740,"All other sexual orientations",68,"0.001629133"
"E07000166",41740,"Not answered",2436,"0.058361284"
"E07000167",46324,"Straight or Heterosexual",42164,"0.910197738"
"E07000167",46324,"Gay or Lesbian",461,"0.009951645"
"E07000167",46324,"Bisexual",376,"0.008116743"
"E07000167",46324,"All other sexual orientations",81,"0.001748554"
"E07000167",46324,"Not answered",3242,"0.069985321"
"E07000168",92111,"Straight or Heterosexual",82925,"0.900272497"
"E07000168",92111,"Gay or Lesbian",1298,"0.014091694"
"E07000168",92111,"Bisexual",965,"0.010476490"
"E07000168",92111,"All other sexual orientations",252,"0.002735830"
"E07000168",92111,"Not answered",6671,"0.072423489"
"E07000169",75432,"Straight or Heterosexual",69510,"0.921492205"
"E07000169",75432,"Gay or Lesbian",801,"0.010618836"
"E07000169",75432,"Bisexual",643,"0.008524234"
"E07000169",75432,"All other sexual orientations",139,"0.001842719"
"E07000169",75432,"Not answered",4339,"0.057522007"
"E07000170",102843,"Straight or Heterosexual",93238,"0.906605214"
"E07000170",102843,"Gay or Lesbian",1451,"0.014108884"
"E07000170",102843,"Bisexual",987,"0.009597153"
"E07000170",102843,"All other sexual orientations",203,"0.001973883"
"E07000170",102843,"Not answered",6964,"0.067714866"
"E07000171",97367,"Straight or Heterosexual",88969,"0.913749011"
"E07000171",97367,"Gay or Lesbian",1118,"0.011482330"
"E07000171",97367,"Bisexual",779,"0.008000657"
"E07000171",97367,"All other sexual orientations",187,"0.001920569"
"E07000171",97367,"Not answered",6314,"0.064847433"
"E07000172",92540,"Straight or Heterosexual",83457,"0.901847850"
"E07000172",92540,"Gay or Lesbian",1258,"0.013594121"
"E07000172",92540,"Bisexual",1348,"0.014566674"
"E07000172",92540,"All other sexual orientations",311,"0.003360709"
"E07000172",92540,"Not answered",6166,"0.066630646"
"E07000173",96459,"Straight or Heterosexual",87931,"0.911589380"
"E07000173",96459,"Gay or Lesbian",1382,"0.014327331"
"E07000173",96459,"Bisexual",995,"0.010315263"
"E07000173",96459,"All other sexual orientations",228,"0.002363699"
"E07000173",96459,"Not answered",5923,"0.061404327"
"E07000174",90170,"Straight or Heterosexual",81971,"0.909071753"
"E07000174",90170,"Gay or Lesbian",1211,"0.013430187"
"E07000174",90170,"Bisexual",970,"0.010757458"
"E07000174",90170,"All other sexual orientations",224,"0.002484197"
"E07000174",90170,"Not answered",5794,"0.064256405"
"E07000175",101968,"Straight or Heterosexual",92844,"0.910520948"
"E07000175",101968,"Gay or Lesbian",1330,"0.013043308"
"E07000175",101968,"Bisexual",1039,"0.010189471"
"E07000175",101968,"All other sexual orientations",223,"0.002186961"
"E07000175",101968,"Not answered",6532,"0.064059313"
"E07000176",97723,"Straight or Heterosexual",89104,"0.911801725"
"E07000176",97723,"Gay or Lesbian",1271,"0.013006150"
"E07000176",97723,"Bisexual",1121,"0.011471199"
"E07000176",97723,"All other sexual orientations",255,"0.002609416"
"E07000176",97723,"Not answered",5972,"0.061111509"
"E07000177",130589,"Straight or Heterosexual",117986,"0.903491106"
"E07000177",130589,"Gay or Lesbian",1762,"0.013492714"
"E07000177",130589,"Bisexual",1499,"0.011478762"
"E07000177",130589,"All other sexual orientations",463,"0.003545475"
"E07000177",130589,"Not answered",8879,"0.067991944"
"E07000178",136717,"Straight or Heterosexual",109859,"0.803550400"
"E07000178",136717,"Gay or Lesbian",3237,"0.023676646"
"E07000178",136717,"Bisexual",4953,"0.036228121"
"E07000178",136717,"All other sexual orientations",1257,"0.009194175"
"E07000178",136717,"Not answered",17411,"0.127350659"
"E07000179",121494,"Straight or Heterosexual",110653,"0.910769256"
"E07000179",121494,"Gay or Lesbian",1383,"0.011383278"
"E07000179",121494,"Bisexual",1182,"0.009728876"
"E07000179",121494,"All other sexual orientations",328,"0.002699722"
"E07000179",121494,"Not answered",7948,"0.065418868"
"E07000180",112427,"Straight or Heterosexual",101920,"0.906543802"
"E07000180",112427,"Gay or Lesbian",1331,"0.011838793"
"E07000180",112427,"Bisexual",1368,"0.012167896"
"E07000180",112427,"All other sexual orientations",338,"0.003006395"
"E07000180",112427,"Not answered",7470,"0.066443114"
"E07000181",93809,"Straight or Heterosexual",85888,"0.915562473"
"E07000181",93809,"Gay or Lesbian",1115,"0.011885853"
"E07000181",93809,"Bisexual",1007,"0.010734578"
"E07000181",93809,"All other sexual orientations",208,"0.002217271"
"E07000181",93809,"Not answered",5591,"0.059599825"
"E07000187",96051,"Straight or Heterosexual",85790,"0.893171336"
"E07000187",96051,"Gay or Lesbian",1105,"0.011504305"
"E07000187",96051,"Bisexual",1185,"0.012337196"
"E07000187",96051,"All other sexual orientations",282,"0.002935940"
"E07000187",96051,"Not answered",7689,"0.080051223"
"E07000188",103781,"Straight or Heterosexual",93579,"0.901696842"
"E07000188",103781,"Gay or Lesbian",1233,"0.011880787"
"E07000188",103781,"Bisexual",1107,"0.010666692"
"E07000188",103781,"All other sexual orientations",302,"0.002909974"
"E07000188",103781,"Not answered",7560,"0.072845704"
"E07000189",143812,"Straight or Heterosexual",129908,"0.903318221"
"E07000189",143812,"Gay or Lesbian",1519,"0.010562401"
"E07000189",143812,"Bisexual",1449,"0.010075654"
"E07000189",143812,"All other sexual orientations",281,"0.001953940"
"E07000189",143812,"Not answered",10655,"0.074089784"
"E07000192",82478,"Straight or Heterosexual",75947,"0.920815248"
"E07000192",82478,"Gay or Lesbian",1094,"0.013264143"
"E07000192",82478,"Bisexual",781,"0.009469192"
"E07000192",82478,"All other sexual orientations",192,"0.002327893"
"E07000192",82478,"Not answered",4464,"0.054123524"
"E07000193",100509,"Straight or Heterosexual",90866,"0.904058343"
"E07000193",100509,"Gay or Lesbian",1138,"0.011322369"
"E07000193",100509,"Bisexual",999,"0.009939408"
"E07000193",100509,"All other sexual orientations",282,"0.002805719"
"E07000193",100509,"Not answered",7224,"0.071874161"
"E07000194",88596,"Straight or Heterosexual",81990,"0.925436814"
"E07000194",88596,"Gay or Lesbian",1020,"0.011512935"
"E07000194",88596,"Bisexual",713,"0.008047767"
"E07000194",88596,"All other sexual orientations",135,"0.001523771"
"E07000194",88596,"Not answered",4738,"0.053478712"
"E07000195",103183,"Straight or Heterosexual",93169,"0.902949129"
"E07000195",103183,"Gay or Lesbian",1390,"0.013471211"
"E07000195",103183,"Bisexual",1387,"0.013442137"
"E07000195",103183,"All other sexual orientations",298,"0.002888073"
"E07000195",103183,"Not answered",6939,"0.067249450"
"E07000196",93372,"Straight or Heterosexual",86672,"0.928244013"
"E07000196",93372,"Gay or Lesbian",908,"0.009724543"
"E07000196",93372,"Bisexual",583,"0.006243842"
"E07000196",93372,"All other sexual orientations",109,"0.001167374"
"E07000196",93372,"Not answered",5100,"0.054620229"
"E07000197",113616,"Straight or Heterosexual",103695,"0.912679552"
"E07000197",113616,"Gay or Lesbian",1469,"0.012929517"
"E07000197",113616,"Bisexual",1162,"0.010227433"
"E07000197",113616,"All other sexual orientations",199,"0.001751514"
"E07000197",113616,"Not answered",7091,"0.062411984"
"E07000198",80855,"Straight or Heterosexual",74326,"0.919250510"
"E07000198",80855,"Gay or Lesbian",754,"0.009325335"
"E07000198",80855,"Bisexual",555,"0.006864140"
"E07000198",80855,"All other sexual orientations",125,"0.001545977"
"E07000198",80855,"Not answered",5095,"0.063014037"
"E07000199",63793,"Straight or Heterosexual",58751,"0.920963115"
"E07000199",63793,"Gay or Lesbian",733,"0.011490289"
"E07000199",63793,"Bisexual",599,"0.009389745"
"E07000199",63793,"All other sexual orientations",137,"0.002147571"
"E07000199",63793,"Not answered",3573,"0.056009280"
"E07000200",77378,"Straight or Heterosexual",70434,"0.910258730"
"E07000200",77378,"Gay or Lesbian",843,"0.010894570"
"E07000200",77378,"Bisexual",655,"0.008464938"
"E07000200",77378,"All other sexual orientations",149,"0.001925612"
"E07000200",77378,"Not answered",5297,"0.068456150"
"E07000202",111832,"Straight or Heterosexual",99026,"0.885488948"
"E07000202",111832,"Gay or Lesbian",1724,"0.015415981"
"E07000202",111832,"Bisexual",1752,"0.015666357"
"E07000202",111832,"All other sexual orientations",616,"0.005508262"
"E07000202",111832,"Not answered",8714,"0.077920452"
"E07000203",86303,"Straight or Heterosexual",79066,"0.916144282"
"E07000203",86303,"Gay or Lesbian",989,"0.011459625"
"E07000203",86303,"Bisexual",764,"0.008852531"
"E07000203",86303,"All other sexual orientations",178,"0.002062501"
"E07000203",86303,"Not answered",5306,"0.061481061"
"E07000207",108773,"Straight or Heterosexual",99381,"0.913655043"
"E07000207",108773,"Gay or Lesbian",1155,"0.010618444"
"E07000207",108773,"Bisexual",838,"0.007704118"
"E07000207",108773,"All other sexual orientations",219,"0.002013367"
"E07000207",108773,"Not answered",7180,"0.066009028"
"E07000208",64607,"Straight or Heterosexual",58730,"0.909034625"
"E07000208",64607,"Gay or Lesbian",691,"0.010695435"
"E07000208",64607,"Bisexual",568,"0.008791617"
"E07000208",64607,"All other sexual orientations",144,"0.002228861"
"E07000208",64607,"Not answered",4474,"0.069249462"
"E07000209",119359,"Straight or Heterosexual",106016,"0.888211195"
"E07000209",119359,"Gay or Lesbian",1670,"0.013991404"
"E07000209",119359,"Bisexual",1990,"0.016672392"
"E07000209",119359,"All other sexual orientations",458,"0.003837164"
"E07000209",119359,"Not answered",9225,"0.077287846"
"E07000210",72341,"Straight or Heterosexual",66189,"0.914958322"
"E07000210",72341,"Gay or Lesbian",762,"0.010533446"
"E07000210",72341,"Bisexual",598,"0.008266405"
"E07000210",72341,"All other sexual orientations",147,"0.002032043"
"E07000210",72341,"Not answered",4645,"0.064209784"
"E07000211",120129,"Straight or Heterosexual",109322,"0.910038375"
"E07000211",120129,"Gay or Lesbian",1398,"0.011637490"
"E07000211",120129,"Bisexual",1089,"0.009065255"
"E07000211",120129,"All other sexual orientations",269,"0.002239259"
"E07000211",120129,"Not answered",8051,"0.067019621"
"E07000212",72721,"Straight or Heterosexual",64392,"0.885466371"
"E07000212",72721,"Gay or Lesbian",1017,"0.013984956"
"E07000212",72721,"Bisexual",1233,"0.016955212"
"E07000212",72721,"All other sexual orientations",282,"0.003877834"
"E07000212",72721,"Not answered",5797,"0.079715625"
"E07000213",83362,"Straight or Heterosexual",75505,"0.905748423"
"E07000213",83362,"Gay or Lesbian",1088,"0.013051510"
"E07000213",83362,"Bisexual",704,"0.008445095"
"E07000213",83362,"All other sexual orientations",161,"0.001931336"
"E07000213",83362,"Not answered",5904,"0.070823637"
"E07000214",73784,"Straight or Heterosexual",67799,"0.918884853"
"E07000214",73784,"Gay or Lesbian",775,"0.010503632"
"E07000214",73784,"Bisexual",589,"0.007982760"
"E07000214",73784,"All other sexual orientations",156,"0.002114280"
"E07000214",73784,"Not answered",4465,"0.060514475"
"E07000215",70826,"Straight or Heterosexual",64718,"0.913760483"
"E07000215",70826,"Gay or Lesbian",744,"0.010504617"
"E07000215",70826,"Bisexual",559,"0.007892582"
"E07000215",70826,"All other sexual orientations",141,"0.001990794"
"E07000215",70826,"Not answered",4664,"0.065851523"
"E07000216",103636,"Straight or Heterosexual",94198,"0.908931259"
"E07000216",103636,"Gay or Lesbian",1076,"0.010382493"
"E07000216",103636,"Bisexual",1225,"0.011820217"
"E07000216",103636,"All other sexual orientations",278,"0.002682466"
"E07000216",103636,"Not answered",6859,"0.066183566"
"E07000217",82982,"Straight or Heterosexual",75426,"0.908944108"
"E07000217",82982,"Gay or Lesbian",980,"0.011809790"
"E07000217",82982,"Bisexual",839,"0.010110626"
"E07000217",82982,"All other sexual orientations",281,"0.003386277"
"E07000217",82982,"Not answered",5456,"0.065749199"
"E07000218",53898,"Straight or Heterosexual",49554,"0.919403317"
"E07000218",53898,"Gay or Lesbian",652,"0.012096924"
"E07000218",53898,"Bisexual",456,"0.008460425"
"E07000218",53898,"All other sexual orientations",102,"0.001892464"
"E07000218",53898,"Not answered",3134,"0.058146870"
"E07000219",108588,"Straight or Heterosexual",98981,"0.911527977"
"E07000219",108588,"Gay or Lesbian",1360,"0.012524404"
"E07000219",108588,"Bisexual",1087,"0.010010314"
"E07000219",108588,"All other sexual orientations",241,"0.002219398"
"E07000219",108588,"Not answered",6919,"0.063717906"
"E07000220",92187,"Straight or Heterosexual",83469,"0.905431351"
"E07000220",92187,"Gay or Lesbian",1072,"0.011628538"
"E07000220",92187,"Bisexual",973,"0.010554634"
"E07000220",92187,"All other sexual orientations",256,"0.002776964"
"E07000220",92187,"Not answered",6417,"0.069608513"
"E07000221",112639,"Straight or Heterosexual",103165,"0.915890589"
"E07000221",112639,"Gay or Lesbian",1272,"0.011292714"
"E07000221",112639,"Bisexual",946,"0.008398512"
"E07000221",112639,"All other sexual orientations",209,"0.001855485"
"E07000221",112639,"Not answered",7047,"0.062562700"
"E07000222",123252,"Straight or Heterosexual",110731,"0.898411385"
"E07000222",123252,"Gay or Lesbian",1644,"0.013338526"
"E07000222",123252,"Bisexual",2001,"0.016235031"
"E07000222",123252,"All other sexual orientations",485,"0.003935027"
"E07000222",123252,"Not answered",8391,"0.068080031"
"E07000223",52953,"Straight or Heterosexual",47736,"0.901478670"
"E07000223",52953,"Gay or Lesbian",1015,"0.019167941"
"E07000223",52953,"Bisexual",623,"0.011765150"
"E07000223",52953,"All other sexual orientations",153,"0.002889355"
"E07000223",52953,"Not answered",3426,"0.064698884"
"E07000224",139551,"Straight or Heterosexual",125990,"0.902824057"
"E07000224",139551,"Gay or Lesbian",2002,"0.014346010"
"E07000224",139551,"Bisexual",1361,"0.009752707"
"E07000224",139551,"All other sexual orientations",310,"0.002221410"
"E07000224",139551,"Not answered",9888,"0.070855816"
"E07000225",104709,"Straight or Heterosexual",94857,"0.905910667"
"E07000225",104709,"Gay or Lesbian",1418,"0.013542293"
"E07000225",104709,"Bisexual",1257,"0.012004699"
"E07000225",104709,"All other sexual orientations",306,"0.002922385"
"E07000225",104709,"Not answered",6871,"0.065619956"
"E07000226",93569,"Straight or Heterosexual",84098,"0.898780579"
"E07000226",93569,"Gay or Lesbian",1399,"0.014951533"
"E07000226",93569,"Bisexual",1018,"0.010879672"
"E07000226",93569,"All other sexual orientations",302,"0.003227565"
"E07000226",93569,"Not answered",6752,"0.072160651"
"E07000227",120663,"Straight or Heterosexual",110092,"0.912392366"
"E07000227",120663,"Gay or Lesbian",1584,"0.013127471"
"E07000227",120663,"Bisexual",1223,"0.010135667"
"E07000227",120663,"All other sexual orientations",267,"0.002212774"
"E07000227",120663,"Not answered",7497,"0.062131722"
"E07000228",123315,"Straight or Heterosexual",112276,"0.910481288"
"E07000228",123315,"Gay or Lesbian",1642,"0.013315493"
"E07000228",123315,"Bisexual",1303,"0.010566436"
"E07000228",123315,"All other sexual orientations",302,"0.002449013"
"E07000228",123315,"Not answered",7792,"0.063187771"
"E07000229",92354,"Straight or Heterosexual",81855,"0.886317864"
"E07000229",92354,"Gay or Lesbian",1983,"0.021471728"
"E07000229",92354,"Bisexual",1380,"0.014942504"
"E07000229",92354,"All other sexual orientations",350,"0.003789765"
"E07000229",92354,"Not answered",6786,"0.073478138"
"E07000234",81098,"Straight or Heterosexual",74613,"0.920035019"
"E07000234",81098,"Gay or Lesbian",896,"0.011048361"
"E07000234",81098,"Bisexual",612,"0.007546425"
"E07000234",81098,"All other sexual orientations",137,"0.001689314"
"E07000234",81098,"Not answered",4840,"0.059680880"
"E07000235",67120,"Straight or Heterosexual",60981,"0.908536949"
"E07000235",67120,"Gay or Lesbian",750,"0.011174017"
"E07000235",67120,"Bisexual",591,"0.008805125"
"E07000235",67120,"All other sexual orientations",142,"0.002115614"
"E07000235",67120,"Not answered",4656,"0.069368296"
"E07000236",70251,"Straight or Heterosexual",64095,"0.912371354"
"E07000236",70251,"Gay or Lesbian",871,"0.012398400"
"E07000236",70251,"Bisexual",639,"0.009095956"
"E07000236",70251,"All other sexual orientations",147,"0.002092497"
"E07000236",70251,"Not answered",4499,"0.064041793"
"E07000237",85607,"Straight or Heterosexual",76463,"0.893186305"
"E07000237",85607,"Gay or Lesbian",1341,"0.015664607"
"E07000237",85607,"Bisexual",1367,"0.015968320"
"E07000237",85607,"All other sexual orientations",303,"0.003539430"
"E07000237",85607,"Not answered",6133,"0.071641338"
"E07000238",110718,"Straight or Heterosexual",101636,"0.917971784"
"E07000238",110718,"Gay or Lesbian",1188,"0.010729963"
"E07000238",110718,"Bisexual",893,"0.008065536"
"E07000238",110718,"All other sexual orientations",192,"0.001734135"
"E07000238",110718,"Not answered",6809,"0.061498582"
"E07000239",84563,"Straight or Heterosexual",76797,"0.908163145"
"E07000239",84563,"Gay or Lesbian",1030,"0.012180268"
"E07000239",84563,"Bisexual",718,"0.008490711"
"E07000239",84563,"All other sexual orientations",173,"0.002045812"
"E07000239",84563,"Not answered",5845,"0.069120064"
"E07000240",116090,"Straight or Heterosexual",105865,"0.911921785"
"E07000240",116090,"Gay or Lesbian",1247,"0.010741666"
"E07000240",116090,"Bisexual",1028,"0.008855199"
"E07000240",116090,"All other sexual orientations",279,"0.002403308"
"E07000240",116090,"Not answered",7671,"0.066078043"
"E07000241",97484,"Straight or Heterosexual",87010,"0.892556727"
"E07000241",97484,"Gay or Lesbian",1170,"0.012001970"
"E07000241",97484,"Bisexual",1380,"0.014156169"
"E07000241",97484,"All other sexual orientations",381,"0.003908334"
"E07000241",97484,"Not answered",7543,"0.077376800"
"E07000242",121150,"Straight or Heterosexual",110717,"0.913883615"
"E07000242",121150,"Gay or Lesbian",1431,"0.011811804"
"E07000242",121150,"Bisexual",1087,"0.008972348"
"E07000242",121150,"All other sexual orientations",281,"0.002319439"
"E07000242",121150,"Not answered",7634,"0.063012794"
"E07000243",71236,"Straight or Heterosexual",64574,"0.906479870"
"E07000243",71236,"Gay or Lesbian",906,"0.012718289"
"E07000243",71236,"Bisexual",827,"0.011609299"
"E07000243",71236,"All other sexual orientations",212,"0.002976023"
"E07000243",71236,"Not answered",4717,"0.066216520"
"E07000244",206719,"Straight or Heterosexual",186886,"0.904058166"
"E07000244",206719,"Gay or Lesbian",2490,"0.012045337"
"E07000244",206719,"Bisexual",2008,"0.009713669"
"E07000244",206719,"All other sexual orientations",442,"0.002138168"
"E07000244",206719,"Not answered",14893,"0.072044660"
"E07000245",148127,"Straight or Heterosexual",133847,"0.903596238"
"E07000245",148127,"Gay or Lesbian",1866,"0.012597298"
"E07000245",148127,"Bisexual",1676,"0.011314615"
"E07000245",148127,"All other sexual orientations",463,"0.003125696"
"E07000245",148127,"Not answered",10275,"0.069366152"
"E07000246",131294,"Straight or Heterosexual",118035,"0.899012902"
"E07000246",131294,"Gay or Lesbian",1626,"0.012384420"
"E07000246",131294,"Bisexual",1442,"0.010982985"
"E07000246",131294,"All other sexual orientations",326,"0.002482977"
"E07000246",131294,"Not answered",9865,"0.075136716"
"E08000001",232290,"Straight or Heterosexual",210665,"0.906905162"
"E08000001",232290,"Gay or Lesbian",2807,"0.012084033"
"E08000001",232290,"Bisexual",2317,"0.009974601"
"E08000001",232290,"All other sexual orientations",570,"0.002453829"
"E08000001",232290,"Not answered",15931,"0.068582375"
"E08000002",154873,"Straight or Heterosexual",140309,"0.905961659"
"E08000002",154873,"Gay or Lesbian",2443,"0.015774215"
"E08000002",154873,"Bisexual",1524,"0.009840321"
"E08000002",154873,"All other sexual orientations",395,"0.002550477"
"E08000002",154873,"Not answered",10202,"0.065873328"
"E08000003",437958,"Straight or Heterosexual",370576,"0.846145064"
"E08000003",437958,"Gay or Lesbian",14608,"0.033354797"
"E08000003",437958,"Bisexual",11782,"0.026902123"
"E08000003",437958,"All other sexual orientations",2830,"0.006461807"
"E08000003",437958,"Not answered",38162,"0.087136209"
"E08000004",187035,"Straight or Heterosexual",169261,"0.904969658"
"E08000004",187035,"Gay or Lesbian",2152,"0.011505868"
"E08000004",187035,"Bisexual",1541,"0.008239100"
"E08000004",187035,"All other sexual orientations",487,"0.002603791"
"E08000004",187035,"Not answered",13594,"0.072681584"
"E08000005",174944,"Straight or Heterosexual",159265,"0.910377035"
"E08000005",174944,"Gay or Lesbian",2040,"0.011660874"
"E08000005",174944,"Bisexual",1515,"0.008659914"
"E08000005",174944,"All other sexual orientations",413,"0.002360755"
"E08000005",174944,"Not answered",11711,"0.066941421"
"E08000006",216923,"Straight or Heterosexual",187446,"0.864113072"
"E08000006",216923,"Gay or Lesbian",7181,"0.033103912"
"E08000006",216923,"Bisexual",4141,"0.019089723"
"E08000006",216923,"All other sexual orientations",925,"0.004264186"
"E08000006",216923,"Not answered",17230,"0.079429106"
"E08000007",238925,"Straight or Heterosexual",217470,"0.910201946"
"E08000007",238925,"Gay or Lesbian",3983,"0.016670503"
"E08000007",238925,"Bisexual",2500,"0.010463535"
"E08000007",238925,"All other sexual orientations",637,"0.002666109"
"E08000007",238925,"Not answered",14335,"0.059997907"
"E08000008",185135,"Straight or Heterosexual",168142,"0.908212926"
"E08000008",185135,"Gay or Lesbian",3315,"0.017905852"
"E08000008",185135,"Bisexual",2081,"0.011240446"
"E08000008",185135,"All other sexual orientations",612,"0.003305696"
"E08000008",185135,"Not answered",10985,"0.059335080"
"E08000009",186151,"Straight or Heterosexual",169221,"0.909052328"
"E08000009",186151,"Gay or Lesbian",3032,"0.016287852"
"E08000009",186151,"Bisexual",1856,"0.009970400"
"E08000009",186151,"All other sexual orientations",523,"0.002809547"
"E08000009",186151,"Not answered",11519,"0.061879872"
"E08000010",268694,"Straight or Heterosexual",247126,"0.919730251"
"E08000010",268694,"Gay or Lesbian",3885,"0.014458827"
"E08000010",268694,"Bisexual",2381,"0.008861381"
"E08000010",268694,"All other sexual orientations",507,"0.001886905"
"E08000010",268694,"Not answered",14795,"0.055062636"
"E08000011",124299,"Straight or Heterosexual",114338,"0.919862589"
"E08000011",124299,"Gay or Lesbian",1803,"0.014505346"
"E08000011",124299,"Bisexual",889,"0.007152109"
"E08000011",124299,"All other sexual orientations",187,"0.001504437"
"E08000011",124299,"Not answered",7082,"0.056975519"
"E08000012",403028,"Straight or Heterosexual",354781,"0.880288714"
"E08000012",403028,"Gay or Lesbian",8587,"0.021306212"
"E08000012",403028,"Bisexual",7511,"0.018636422"
"E08000012",403028,"All other sexual orientations",1705,"0.004230475"
"E08000012",403028,"Not answered",30444,"0.075538176"
"E08000013",150572,"Straight or Heterosexual",138290,"0.918431050"
"E08000013",150572,"Gay or Lesbian",2407,"0.015985708"
"E08000013",150572,"Bisexual",1335,"0.008866190"
"E08000013",150572,"All other sexual orientations",323,"0.002145153"
"E08000013",150572,"Not answered",8217,"0.054571899"
"E08000014",232389,"Straight or Heterosexual",212421,"0.914075107"
"E08000014",232389,"Gay or Lesbian",3301,"0.014204631"
"E08000014",232389,"Bisexual",2024,"0.008709534"
"E08000014",232389,"All other sexual orientations",492,"0.002117140"
"E08000014",232389,"Not answered",14151,"0.060893588"
"E08000015",262109,"Straight or Heterosexual",237613,"0.906542698"
"E08000015",262109,"Gay or Lesbian",4179,"0.015943749"
"E08000015",262109,"Bisexual",2727,"0.010404069"
"E08000015",262109,"All other sexual orientations",632,"0.002411211"
"E08000015",262109,"Not answered",16958,"0.064698274"
"E08000016",199789,"Straight or Heterosexual",182948,"0.915706070"
"E08000016",199789,"Gay or Lesbian",2990,"0.014965789"
"E08000016",199789,"Bisexual",1817,"0.009094595"
"E08000016",199789,"All other sexual orientations",396,"0.001982091"
"E08000016",199789,"Not answered",11638,"0.058251455"
"E08000017",250925,"Straight or Heterosexual",227960,"0.908478629"
"E08000017",250925,"Gay or Lesbian",3465,"0.013808907"
"E08000017",250925,"Bisexual",2407,"0.009592508"
"E08000017",250925,"All other sexual orientations",644,"0.002566504"
"E08000017",250925,"Not answered",16449,"0.065553452"
"E08000018",215573,"Straight or Heterosexual",197506,"0.916190803"
"E08000018",215573,"Gay or Lesbian",2638,"0.012237154"
"E08000018",215573,"Bisexual",1900,"0.008813720"
"E08000018",215573,"All other sexual orientations",522,"0.002421454"
"E08000018",215573,"Not answered",13007,"0.060336870"
"E08000019",456250,"Straight or Heterosexual",401537,"0.880081096"
"E08000019",456250,"Gay or Lesbian",7395,"0.016208219"
"E08000019",456250,"Bisexual",9018,"0.019765479"
"E08000019",456250,"All other sexual orientations",2411,"0.005284384"
"E08000019",456250,"Not answered",35889,"0.078660822"
"E08000021",248450,"Straight or Heterosexual",217008,"0.873447374"
"E08000021",248450,"Gay or Lesbian",5497,"0.022125176"
"E08000021",248450,"Bisexual",5725,"0.023042866"
"E08000021",248450,"All other sexual orientations",1334,"0.005369290"
"E08000021",248450,"Not answered",18886,"0.076015295"
"E08000022",171512,"Straight or Heterosexual",157223,"0.916688045"
"E08000022",171512,"Gay or Lesbian",2925,"0.017054200"
"E08000022",171512,"Bisexual",1992,"0.011614348"
"E08000022",171512,"All other sexual orientations",404,"0.002355520"
"E08000022",171512,"Not answered",8968,"0.052287887"
"E08000023",121292,"Straight or Heterosexual",111601,"0.920101903"
"E08000023",121292,"Gay or Lesbian",1756,"0.014477459"
"E08000023",121292,"Bisexual",1213,"0.010000660"
"E08000023",121292,"All other sexual orientations",220,"0.001813805"
"E08000023",121292,"Not answered",6502,"0.053606174"
"E08000024",226071,"Straight or Heterosexual",208166,"0.920799218"
"E08000024",226071,"Gay or Lesbian",3279,"0.014504293"
"E08000024",226071,"Bisexual",2057,"0.009098911"
"E08000024",226071,"All other sexual orientations",487,"0.002154190"
"E08000024",226071,"Not answered",12082,"0.053443387"
"E08000025",889624,"Straight or Heterosexual",779054,"0.875711537"
"E08000025",889624,"Gay or Lesbian",11968,"0.013452874"
"E08000025",889624,"Bisexual",11258,"0.012654784"
"E08000025",889624,"All other sexual orientations",3578,"0.004021924"
"E08000025",889624,"Not answered",83766,"0.094158881"
"E08000026",276873,"Straight or Heterosexual",243622,"0.879905227"
"E08000026",276873,"Gay or Lesbian",3339,"0.012059681"
"E08000026",276873,"Bisexual",4133,"0.014927422"
"E08000026",276873,"All other sexual orientations",1289,"0.004655564"
"E08000026",276873,"Not answered",24490,"0.088452106"
"E08000027",262488,"Straight or Heterosexual",238192,"0.907439578"
"E08000027",262488,"Gay or Lesbian",3115,"0.011867209"
"E08000027",262488,"Bisexual",2172,"0.008274664"
"E08000027",262488,"All other sexual orientations",528,"0.002011521"
"E08000027",262488,"Not answered",18481,"0.070407028"
"E08000028",266031,"Straight or Heterosexual",237544,"0.892918494"
"E08000028",266031,"Gay or Lesbian",2816,"0.010585233"
"E08000028",266031,"Bisexual",2525,"0.009491375"
"E08000028",266031,"All other sexual orientations",761,"0.002860569"
"E08000028",266031,"Not answered",22385,"0.084144329"
"E08000029",174500,"Straight or Heterosexual",160446,"0.919461318"
"E08000029",174500,"Gay or Lesbian",1765,"0.010114613"
"E08000029",174500,"Bisexual",1251,"0.007169054"
"E08000029",174500,"All other sexual orientations",273,"0.001564470"
"E08000029",174500,"Not answered",10765,"0.061690544"
"E08000030",223100,"Straight or Heterosexual",201330,"0.902420439"
"E08000030",223100,"Gay or Lesbian",2399,"0.010753026"
"E08000030",223100,"Bisexual",1876,"0.008408785"
"E08000030",223100,"All other sexual orientations",550,"0.002465262"
"E08000030",223100,"Not answered",16945,"0.075952488"
"E08000031",208442,"Straight or Heterosexual",185921,"0.891955556"
"E08000031",208442,"Gay or Lesbian",2262,"0.010851940"
"E08000031",208442,"Bisexual",2161,"0.010367392"
"E08000031",208442,"All other sexual orientations",735,"0.003526161"
"E08000031",208442,"Not answered",17363,"0.083298951"
"E08000032",421574,"Straight or Heterosexual",374590,"0.888551002"
"E08000032",421574,"Gay or Lesbian",4545,"0.010781025"
"E08000032",421574,"Bisexual",4261,"0.010107360"
"E08000032",421574,"All other sexual orientations",1260,"0.002988799"
"E08000032",421574,"Not answered",36918,"0.087571814"
"E08000033",166634,"Straight or Heterosexual",149815,"0.899066217"
"E08000033",166634,"Gay or Lesbian",2811,"0.016869306"
"E08000033",166634,"Bisexual",1968,"0.011810315"
"E08000033",166634,"All other sexual orientations",552,"0.003312649"
"E08000033",166634,"Not answered",11488,"0.068941513"
"E08000034",346275,"Straight or Heterosexual",311501,"0.899576926"
"E08000034",346275,"Gay or Lesbian",4340,"0.012533391"
"E08000034",346275,"Bisexual",3697,"0.010676485"
"E08000034",346275,"All other sexual orientations",995,"0.002873439"
"E08000034",346275,"Not answered",25742,"0.074339759"
"E08000035",658471,"Straight or Heterosexual",582244,"0.884236360"
"E08000035",658471,"Gay or Lesbian",12229,"0.018571813"
"E08000035",658471,"Bisexual",12656,"0.019220285"
"E08000035",658471,"All other sexual orientations",3078,"0.004674466"
"E08000035",658471,"Not answered",48264,"0.073297078"
"E08000036",287538,"Straight or Heterosexual",261615,"0.909844960"
"E08000036",287538,"Gay or Lesbian",4321,"0.015027579"
"E08000036",287538,"Bisexual",2968,"0.010322114"
"E08000036",287538,"All other sexual orientations",689,"0.002396205"
"E08000036",287538,"Not answered",17945,"0.062409142"
"E08000037",161749,"Straight or Heterosexual",147379,"0.911158647"
"E08000037",161749,"Gay or Lesbian",3087,"0.019085126"
"E08000037",161749,"Bisexual",1939,"0.011987709"
"E08000037",161749,"All other sexual orientations",470,"0.002905737"
"E08000037",161749,"Not answered",8874,"0.054862781"
"E09000001",8004,"Straight or Heterosexual",6348,"0.793103448"
"E09000001",8004,"Gay or Lesbian",607,"0.075837081"
"E09000001",8004,"Bisexual",185,"0.023113443"
"E09000001",8004,"All other sexual orientations",34,"0.004247876"
"E09000001",8004,"Not answered",830,"0.103698151"
"E09000002",161745,"Straight or Heterosexual",143275,"0.885807908"
"E09000002",161745,"Gay or Lesbian",1333,"0.008241368"
"E09000002",161745,"Bisexual",1571,"0.009712820"
"E09000002",161745,"All other sexual orientations",786,"0.004859501"
"E09000002",161745,"Not answered",14780,"0.091378404"
"E09000003",309354,"Straight or Heterosexual",269986,"0.872741261"
"E09000003",309354,"Gay or Lesbian",3864,"0.012490545"
"E09000003",309354,"Bisexual",3286,"0.010622135"
"E09000003",309354,"All other sexual orientations",1483,"0.004793861"
"E09000003",309354,"Not answered",30735,"0.099352198"
"E09000004",195827,"Straight or Heterosexual",178051,"0.909226001"
"E09000004",195827,"Gay or Lesbian",2058,"0.010509276"
"E09000004",195827,"Bisexual",1585,"0.008093879"
"E09000004",195827,"All other sexual orientations",493,"0.002517528"
"E09000004",195827,"Not answered",13640,"0.069653316"
"E09000005",275143,"Straight or Heterosexual",234151,"0.851015654"
"E09000005",275143,"Gay or Lesbian",3604,"0.013098643"
"E09000005",275143,"Bisexual",3561,"0.012942361"
"E09000005",275143,"All other sexual orientations",1639,"0.005956902"
"E09000005",275143,"Not answered",32188,"0.116986440"
"E09000006",265088,"Straight or Heterosexual",238515,"0.899757816"
"E09000006",265088,"Gay or Lesbian",4047,"0.015266628"
"E09000006",265088,"Bisexual",2507,"0.009457237"
"E09000006",265088,"All other sexual orientations",679,"0.002561414"
"E09000006",265088,"Not answered",19340,"0.072956905"
"E09000007",177908,"Straight or Heterosexual",146868,"0.825527801"
"E09000007",177908,"Gay or Lesbian",6651,"0.037384491"
"E09000007",177908,"Bisexual",4511,"0.025355802"
"E09000007",177908,"All other sexual orientations",1186,"0.006666367"
"E09000007",177908,"Not answered",18692,"0.105065539"
"E09000008",310399,"Straight or Heterosexual",272523,"0.877976411"
"E09000008",310399,"Gay or Lesbian",4696,"0.015128915"
"E09000008",310399,"Bisexual",3661,"0.011794497"
"E09000008",310399,"All other sexual orientations",1175,"0.003785450"
"E09000008",310399,"Not answered",28344,"0.091314727"
"E09000009",295371,"Straight or Heterosexual",254948,"0.863144994"
"E09000009",295371,"Gay or Lesbian",4484,"0.015180908"
"E09000009",295371,"Bisexual",3846,"0.013020913"
"E09000009",295371,"All other sexual orientations",1527,"0.005169770"
"E09000009",295371,"Not answered",30566,"0.103483416"
"E09000010",257182,"Straight or Heterosexual",226705,"0.881496372"
"E09000010",257182,"Gay or Lesbian",2342,"0.009106392"
"E09000010",257182,"Bisexual",2073,"0.008060440"
"E09000010",257182,"All other sexual orientations",1204,"0.004681510"
"E09000010",257182,"Not answered",24858,"0.096655287"
"E09000011",229747,"Straight or Heterosexual",199766,"0.869504281"
"E09000011",229747,"Gay or Lesbian",5685,"0.024744610"
"E09000011",229747,"Bisexual",3369,"0.014663956"
"E09000011",229747,"All other sexual orientations",1253,"0.005453825"
"E09000011",229747,"Not answered",19674,"0.085633327"
"E09000012",209468,"Straight or Heterosexual",166695,"0.795801745"
"E09000012",209468,"Gay or Lesbian",8602,"0.041065938"
"E09000012",209468,"Bisexual",5919,"0.028257299"
"E09000012",209468,"All other sexual orientations",1868,"0.008917830"
"E09000012",209468,"Not answered",26384,"0.125957187"
"E09000013",154627,"Straight or Heterosexual",131392,"0.849735169"
"E09000013",154627,"Gay or Lesbian",4825,"0.031204123"
"E09000013",154627,"Bisexual",2714,"0.017551915"
"E09000013",154627,"All other sexual orientations",681,"0.004404147"
"E09000013",154627,"Not answered",15015,"0.097104645"
"E09000014",216000,"Straight or Heterosexual",180100,"0.833796296"
"E09000014",216000,"Gay or Lesbian",5912,"0.027370370"
"E09000014",216000,"Bisexual",4503,"0.020847222"
"E09000014",216000,"All other sexual orientations",1752,"0.008111111"
"E09000014",216000,"Not answered",23733,"0.109875000"
"E09000015",209621,"Straight or Heterosexual",182702,"0.871582523"
"E09000015",209621,"Gay or Lesbian",1361,"0.006492670"
"E09000015",209621,"Bisexual",1873,"0.008935173"
"E09000015",209621,"All other sexual orientations",1005,"0.004794367"
"E09000015",209621,"Not answered",22680,"0.108195267"
"E09000016",209730,"Straight or Heterosexual",191007,"0.910728079"
"E09000016",209730,"Gay or Lesbian",1993,"0.009502694"
"E09000016",209730,"Bisexual",1540,"0.007342774"
"E09000016",209730,"All other sexual orientations",559,"0.002665332"
"E09000016",209730,"Not answered",14631,"0.069761121"
"E09000017",241878,"Straight or Heterosexual",215049,"0.889080446"
"E09000017",241878,"Gay or Lesbian",2169,"0.008967331"
"E09000017",241878,"Bisexual",2329,"0.009628821"
"E09000017",241878,"All other sexual orientations",880,"0.003638198"
"E09000017",241878,"Not answered",21451,"0.088685205"
"E09000018",228681,"Straight or Heterosexual",199334,"0.871668394"
"E09000018",228681,"Gay or Lesbian",3139,"0.013726545"
"E09000018",228681,"Bisexual",2746,"0.012007994"
"E09000018",228681,"All other sexual orientations",1003,"0.004386022"
"E09000018",228681,"Not answered",22459,"0.098211045"
"E09000019",183626,"Straight or Heterosexual",151195,"0.823385577"
"E09000019",183626,"Gay or Lesbian",8420,"0.045854073"
"E09000019",183626,"Bisexual",4973,"0.027082221"
"E09000019",183626,"All other sexual orientations",1319,"0.007183079"
"E09000019",183626,"Not answered",17719,"0.096495050"
"E09000020",123089,"Straight or Heterosexual",104227,"0.846761287"
"E09000020",123089,"Gay or Lesbian",3363,"0.027321694"
"E09000020",123089,"Bisexual",1569,"0.012746874"
"E09000020",123089,"All other sexual orientations",409,"0.003322799"
"E09000020",123089,"Not answered",13521,"0.109847346"
"E09000021",135464,"Straight or Heterosexual",119304,"0.880706313"
"E09000021",135464,"Gay or Lesbian",2110,"0.015576094"
"E09000021",135464,"Bisexual",2022,"0.014926475"
"E09000021",135464,"All other sexual orientations",510,"0.003764838"
"E09000021",135464,"Not answered",11518,"0.085026280"
"E09000022",268944,"Straight or Heterosexual",222348,"0.826744601"
"E09000022",268944,"Gay or Lesbian",14291,"0.053137456"
"E09000022",268944,"Bisexual",6063,"0.022543727"
"E09000022",268944,"All other sexual orientations",1844,"0.006856446"
"E09000022",268944,"Not answered",24398,"0.090717770"
"E09000023",242411,"Straight or Heterosexual",203913,"0.841187075"
"E09000023",242411,"Gay or Lesbian",7268,"0.029982138"
"E09000023",242411,"Bisexual",5658,"0.023340525"
"E09000023",242411,"All other sexual orientations",1949,"0.008040064"
"E09000023",242411,"Not answered",23623,"0.097450198"
"E09000024",172772,"Straight or Heterosexual",151063,"0.874348853"
"E09000024",172772,"Gay or Lesbian",2998,"0.017352349"
"E09000024",172772,"Bisexual",2127,"0.012311023"
"E09000024",172772,"All other sexual orientations",663,"0.003837427"
"E09000024",172772,"Not answered",15921,"0.092150348"
"E09000025",276173,"Straight or Heterosexual",235493,"0.852701024"
"E09000025",276173,"Gay or Lesbian",4910,"0.017778711"
"E09000025",276173,"Bisexual",4168,"0.015091989"
"E09000025",276173,"All other sexual orientations",2008,"0.007270805"
"E09000025",276173,"Not answered",29594,"0.107157470"
"E09000026",242017,"Straight or Heterosexual",213103,"0.880529054"
"E09000026",242017,"Gay or Lesbian",2052,"0.008478743"
"E09000026",242017,"Bisexual",2272,"0.009387770"
"E09000026",242017,"All other sexual orientations",1072,"0.004429441"
"E09000026",242017,"Not answered",23518,"0.097174992"
"E09000027",155834,"Straight or Heterosexual",138752,"0.890383357"
"E09000027",155834,"Gay or Lesbian",2894,"0.018571044"
"E09000027",155834,"Bisexual",1848,"0.011858773"
"E09000027",155834,"All other sexual orientations",495,"0.003176457"
"E09000027",155834,"Not answered",11845,"0.076010370"
"E09000028",256136,"Straight or Heterosexual",211847,"0.827087953"
"E09000028",256136,"Gay or Lesbian",11596,"0.045272824"
"E09000028",256136,"Bisexual",6586,"0.025712903"
"E09000028",256136,"All other sexual orientations",2515,"0.009819002"
"E09000028",256136,"Not answered",23592,"0.092107318"
"E09000029",165657,"Straight or Heterosexual",149012,"0.899521300"
"E09000029",165657,"Gay or Lesbian",1935,"0.011680762"
"E09000029",165657,"Bisexual",1605,"0.009688694"
"E09000029",165657,"All other sexual orientations",427,"0.002577615"
"E09000029",165657,"Not answered",12678,"0.076531629"
"E09000030",252885,"Straight or Heterosexual",210070,"0.830693794"
"E09000030",252885,"Gay or Lesbian",10021,"0.039626708"
"E09000030",252885,"Bisexual",6376,"0.025213042"
"E09000030",252885,"All other sexual orientations",1730,"0.006841054"
"E09000030",252885,"Not answered",24688,"0.097625403"
"E09000031",222182,"Straight or Heterosexual",191049,"0.859876138"
"E09000031",222182,"Gay or Lesbian",5032,"0.022648099"
"E09000031",222182,"Bisexual",3591,"0.016162425"
"E09000031",222182,"All other sexual orientations",1423,"0.006404659"
"E09000031",222182,"Not answered",21087,"0.094908678"
"E09000032",273558,"Straight or Heterosexual",236553,"0.864727041"
"E09000032",273558,"Gay or Lesbian",8342,"0.030494447"
"E09000032",273558,"Bisexual",4762,"0.017407643"
"E09000032",273558,"All other sexual orientations",1080,"0.003947974"
"E09000032",273558,"Not answered",22821,"0.083422894"
"E09000033",177467,"Straight or Heterosexual",147855,"0.833140809"
"E09000033",177467,"Gay or Lesbian",6155,"0.034682504"
"E09000033",177467,"Bisexual",2741,"0.015445125"
"E09000033",177467,"All other sexual orientations",831,"0.004682561"
"E09000033",177467,"Not answered",19885,"0.112049001"
