"ltla21_code","year","overall_score","healthy_people_domain_score","healthy_lives_domain_score","healthy_places_domain_score"
"E06000001",2015,88.3,83.9,89.9,96.7
"E06000001",2016,88.5,84.9,88.8,97.2
"E06000001",2017,86.3,82,89,94.5
"E06000001",2018,85.6,86.8,82.3,94.5
"E06000001",2019,85.4,83.1,83,97
"E06000001",2020,87.3,82.4,84.1,101.4
"E06000001",2021,87.2,83.7,81.8,102.3
"E06000002",2015,83.3,85.9,80.4,91.6
"E06000002",2016,82.5,83.4,80,92.4
"E06000002",2017,82.7,83.1,83.8,89.4
"E06000002",2018,80.9,81.6,82.3,87.9
"E06000002",2019,79.7,77.9,82.8,88.1
"E06000002",2020,79.1,78.6,75.1,93.7
"E06000002",2021,80.2,79.9,76.2,93.9
"E06000003",2015,96.6,94.4,94.8,102.3
"E06000003",2016,98,94.8,96.6,103.7
"E06000003",2017,97.9,97.2,94.9,102.6
"E06000003",2018,96.2,93.6,92.6,104.2
"E06000003",2019,95.7,89.6,96.2,103.3
"E06000003",2020,92.1,84.9,89.2,106.2
"E06000003",2021,92.5,85.6,88.3,107.4
"E06000004",2015,92.2,87.6,94.1,98.6
"E06000004",2016,94.1,90.2,96.4,98.5
"E06000004",2017,93.1,92.2,93.2,97.3
"E06000004",2018,92.1,90.3,93.6,96
"E06000004",2019,95.1,90.4,98.8,98.5
"E06000004",2020,96.1,86.2,100.4,103.5
"E06000004",2021,94.8,84.8,98.2,103.9
"E06000005",2015,96.4,92.6,97.9,100.3
"E06000005",2016,95.3,91.1,97.9,99.2
"E06000005",2017,95.1,91.9,98,97.8
"E06000005",2018,96.3,92.5,97.9,100.3
"E06000005",2019,98.2,92,102.2,101.3
"E06000005",2020,94.8,83.5,97.8,105.5
"E06000005",2021,94.7,85.2,95.2,106.3
"E06000047",2015,95.9,85.4,97,107.2
"E06000047",2016,98.2,90.9,98.5,106
"E06000047",2017,97.5,90.8,99.6,103.3
"E06000047",2018,96.7,92.3,95.1,104.2
"E06000047",2019,96.7,87.5,99.5,104.6
"E06000047",2020,95.7,82.7,99.1,107.5
"E06000047",2021,95.7,83.6,97.5,108.1
"E06000057",2015,102.2,94.8,103.1,107.6
"E06000057",2016,100.6,90.5,103.2,107.8
"E06000057",2017,101.7,95.5,104.1,104.6
"E06000057",2018,101,91.9,103.9,106.7
"E06000057",2019,102.2,88.2,111.3,105.9
"E06000057",2020,100.9,86.8,104.6,111
"E06000057",2021,100.9,88.9,101.4,112
"E08000021",2015,84.9,80.3,93.8,87.8
"E08000021",2016,86.8,83.4,96,87.3
"E08000021",2017,85.7,85.2,93.4,85.4
"E08000021",2018,86,84.6,93.7,86.3
"E08000021",2019,83.6,77,92.6,89
"E08000021",2020,87.4,81.8,92.7,93.8
"E08000021",2021,89,88.8,90.8,92.7
"E08000022",2015,101.8,90,104.4,110.1
"E08000022",2016,101.4,90.7,105.3,107.5
"E08000022",2017,100,91.6,102,106.4
"E08000022",2018,99.5,92.7,99.3,106.6
"E08000022",2019,100.9,90.2,103.6,108.5
"E08000022",2020,100.5,86.7,103.5,111.1
"E08000022",2021,98.7,82.8,102.4,111.5
"E08000023",2015,94.6,88.8,91.2,106.4
"E08000023",2016,95.7,91.6,93.4,104.2
"E08000023",2017,95.6,90.2,95.6,103.1
"E08000023",2018,94.3,88.4,93.8,103.5
"E08000023",2019,94.1,84.6,95.8,104.7
"E08000023",2020,93.3,83.9,92.2,106.9
"E08000023",2021,94.8,89.3,89.2,108.3
"E08000024",2015,92.6,86.2,93.2,101.9
"E08000024",2016,93.7,88.7,94.1,101.4
"E08000024",2017,94,90.3,94.4,100.3
"E08000024",2018,92,89.9,90,100.1
"E08000024",2019,90.2,83.5,91.7,100.1
"E08000024",2020,89.8,78.6,92.7,102.9
"E08000024",2021,91.4,81.3,94,103
"E08000037",2015,96.5,91.2,96.7,103.3
"E08000037",2016,97,93.5,98.3,100.6
"E08000037",2017,95,90.1,97.7,99.5
"E08000037",2018,95.4,90.1,97.7,100.6
"E08000037",2019,94.7,88.9,96,101.6
"E08000037",2020,92.8,82,94.1,105.7
"E08000037",2021,94,87.3,93,104.5
"E06000006",2015,93.2,88.3,90.1,104.5
"E06000006",2016,90.7,82.5,91.3,102.9
"E06000006",2017,92.1,86.8,91.2,102
"E06000006",2018,91.1,87.3,88.5,101.9
"E06000006",2019,91.8,84.3,92.2,102.9
"E06000006",2020,88.9,81.3,84.1,106.5
"E06000006",2021,91.6,83.4,87.3,108.2
"E06000007",2015,102.5,93.9,105.1,107.2
"E06000007",2016,104.1,98.4,105.2,106.6
"E06000007",2017,106.8,101.8,109.2,106.1
"E06000007",2018,103.3,102.6,102.1,103.7
"E06000007",2019,103.7,98.3,105.3,105.6
"E06000007",2020,104.4,92,107.5,111.4
"E06000007",2021,105.4,95.3,107.4,110.9
"E06000008",2015,91.9,91,87.1,101.6
"E06000008",2016,89.8,86.5,86.6,101.2
"E06000008",2017,93.6,93.2,90.6,100.1
"E06000008",2018,92.2,94.9,88.1,97.3
"E06000008",2019,91.4,91,91,96.2
"E06000008",2020,87.7,83,86.4,99.6
"E06000008",2021,86.7,81.9,85,99.7
"E06000009",2015,78.3,71.2,79.9,94.3
"E06000009",2016,79.8,73.3,80.3,95.5
"E06000009",2017,78.3,69.9,81.7,93.8
"E06000009",2018,77.5,70.8,79.8,92.6
"E06000009",2019,78.7,69.1,82.8,94.5
"E06000009",2020,78,65.2,80.1,99.2
"E06000009",2021,76.5,71.1,71.6,98.1
"E06000049",2015,110,103.9,110.1,111.2
"E06000049",2016,107.3,99.3,110.6,108.5
"E06000049",2017,109.9,106.3,111.1,107.4
"E06000049",2018,109.8,105.7,111.9,107.1
"E06000049",2019,105.6,96.9,109.8,107.3
"E06000049",2020,109.5,98.9,111,114.1
"E06000049",2021,107.6,96.3,108.8,114
"E06000050",2015,105.3,100.6,103.1,109.7
"E06000050",2016,108.4,106.2,106,109
"E06000050",2017,108,106.1,106.2,107.9
"E06000050",2018,107.8,106,105.8,107.8
"E06000050",2019,107.7,104.8,105.3,109.2
"E06000050",2020,108.9,103,105,114.5
"E06000050",2021,107.7,99.5,106.6,113.4
"E07000026",2015,107.3,102,105.7,110.6
"E07000026",2016,105.9,99.4,105.9,109.5
"E07000026",2017,106.1,98.4,107.2,109.7
"E07000026",2018,106.2,101.1,104.7,109.8
"E07000026",2019,106.4,99.2,104.8,112
"E07000026",2020,107.3,94.6,105.4,118.4
"E07000026",2021,107.7,97.1,101.4,121
"E07000027",2015,92.5,87.2,90.5,103.5
"E07000027",2016,95.2,90.6,90.4,106.9
"E07000027",2017,97,88.5,93.5,110.5
"E07000027",2018,96.8,88,95.7,108.2
"E07000027",2019,95.7,82.1,99.6,107.5
"E07000027",2020,93.2,77.8,92.8,112.3
"E07000027",2021,93.7,78.8,92.2,113.2
"E07000028",2015,98,87.3,101.7,106
"E07000028",2016,99,90.9,102.4,104.3
"E07000028",2017,96,82.9,102.5,104.4
"E07000028",2018,99.5,92.2,102.9,103.5
"E07000028",2019,95.8,82.9,101.9,104.6
"E07000028",2020,92.3,70.3,101.9,108.4
"E07000028",2021,101.8,89.9,104.5,110.1
"E07000029",2015,100.6,92.2,97.8,111.4
"E07000029",2016,103.8,96.2,99.5,113.8
"E07000029",2017,103.2,96.8,98.9,112.3
"E07000029",2018,99.3,85.2,100.6,112.5
"E07000029",2019,105.9,98.1,101.2,115.6
"E07000029",2020,101.4,83.8,100.7,119.1
"E07000029",2021,104.6,86.4,101.7,123.4
"E07000030",2015,119.1,124.7,111.8,111.5
"E07000030",2016,117.2,115.7,114.8,112.8
"E07000030",2017,123.3,127.5,116.6,114.6
"E07000030",2018,118.9,123.3,112.7,111.6
"E07000030",2019,120.9,119,118.4,115.2
"E07000030",2020,119.4,118.1,118.5,112.2
"E07000030",2021,117.4,113.6,116,114.1
"E07000031",2015,116.5,111.3,115.3,115
"E07000031",2016,118.3,115.9,116.1,114.2
"E07000031",2017,119.5,115.7,116.3,117
"E07000031",2018,117.7,110,117.9,116.6
"E07000031",2019,119.4,111.8,120.9,116.3
"E07000031",2020,119.6,111.4,119.2,118.7
"E07000031",2021,121.6,119.2,115.4,119.8
"E07000117",2015,84.7,82.5,79.3,99.6
"E07000117",2016,93.5,102.7,82,98.8
"E07000117",2017,92.9,95.5,86.8,100
"E07000117",2018,87.6,88.7,83.1,97
"E07000117",2019,86.2,86.6,83.3,95.2
"E07000117",2020,85.9,80.1,82.3,102.1
"E07000117",2021,85.4,76.5,85.5,101.2
"E07000118",2015,109.4,104.5,105,114.1
"E07000118",2016,110.4,103.5,107.5,115.2
"E07000118",2017,111.2,104.7,107.3,116.3
"E07000118",2018,113.5,108.7,111,114.2
"E07000118",2019,111,104.4,109,114.2
"E07000118",2020,111.6,104.8,106.9,117.5
"E07000118",2021,111.2,104.8,106.2,117.3
"E07000119",2015,111.4,106.2,109,113.5
"E07000119",2016,111.2,105.1,110.8,112.3
"E07000119",2017,111.4,101.1,113.3,114.3
"E07000119",2018,115,113.3,110.2,114.3
"E07000119",2019,118.1,115.6,114,116
"E07000119",2020,110.4,93.5,113.6,119.1
"E07000119",2021,111.9,103.4,107.2,119.6
"E07000120",2015,94.7,96.8,86.1,103.8
"E07000120",2016,93.9,94.1,87.2,103.3
"E07000120",2017,89.6,92.5,79.8,101.5
"E07000120",2018,95.4,105.1,84.7,98.5
"E07000120",2019,92,92,87,100.9
"E07000120",2020,92.4,95.5,82.7,102.6
"E07000120",2021,90.9,88.1,85.7,103.3
"E07000121",2015,91.1,77.3,104.1,96.1
"E07000121",2016,93,78.9,104.5,98.8
"E07000121",2017,93.2,83.7,100.4,98.9
"E07000121",2018,94.1,84,104.9,96.1
"E07000121",2019,91.4,77,102.1,99.1
"E07000121",2020,93.1,79.7,98.4,104.6
"E07000121",2021,93.5,82.4,96.6,104.5
"E07000122",2015,95.2,99.5,82.8,105.7
"E07000122",2016,96.4,101.1,87.6,102.3
"E07000122",2017,93.1,94.4,87.3,100.9
"E07000122",2018,93.7,93,91.7,99.4
"E07000122",2019,99.5,103.1,94.2,101.4
"E07000122",2020,94.1,91.8,89.8,103.5
"E07000122",2021,98.1,105.2,87.4,102.5
"E07000123",2015,90.8,88.5,96.2,92.2
"E07000123",2016,91.5,90.3,96.3,92.1
"E07000123",2017,92.8,94.9,95.3,91.6
"E07000123",2018,94.8,100.6,96.7,89.6
"E07000123",2019,94.5,95.5,95.7,95
"E07000123",2020,95.5,93.6,97.2,97.9
"E07000123",2021,89.6,81.8,92.9,99
"E07000124",2015,113.4,105,107.2,121.7
"E07000124",2016,119.5,111.1,117.5,120.5
"E07000124",2017,122.8,119.9,117,120.5
"E07000124",2018,121.8,118.9,117.7,118.3
"E07000124",2019,127.7,120.8,124,125
"E07000124",2020,122.6,115.6,115.6,125.7
"E07000124",2021,121.9,111.2,117,127.1
"E07000125",2015,101.4,103.3,92.7,107.5
"E07000125",2016,98.9,98,95.2,104
"E07000125",2017,99.2,98.9,92.3,107
"E07000125",2018,97.5,99.3,92.1,102.2
"E07000125",2019,98.4,90.3,99.8,105.9
"E07000125",2020,96.3,88.8,93.4,108.5
"E07000125",2021,95.3,86.4,94.6,107.2
"E07000126",2015,110.6,103.9,105.4,117.5
"E07000126",2016,112.6,107.3,108.2,116.3
"E07000126",2017,111.9,104.6,108.4,117
"E07000126",2018,107.3,99.6,108,110.8
"E07000126",2019,107.1,100.5,105.5,111.8
"E07000126",2020,112.1,108.6,105.6,116.2
"E07000126",2021,107.4,97.9,103.9,116.9
"E07000127",2015,99,96.4,95.7,105.4
"E07000127",2016,102.6,99.2,99.6,107.7
"E07000127",2017,102.3,98.8,100,106.9
"E07000127",2018,102.8,97,102.7,107.3
"E07000127",2019,100.7,90.7,101.6,109.5
"E07000127",2020,100.4,88.4,98.6,114
"E07000127",2021,103.9,98.6,97,114.1
"E07000128",2015,102.7,91.4,100.6,114.8
"E07000128",2016,104.9,96.5,101.2,114.8
"E07000128",2017,106.4,94.9,106.4,114.9
"E07000128",2018,107,98.6,104.5,114.5
"E07000128",2019,107.2,98.8,104.9,114.5
"E07000128",2020,107.4,97.5,104.5,116.5
"E07000128",2021,105,95.5,100.4,116.8
"E08000001",2015,95.1,92.4,95.4,100
"E08000001",2016,95,91.5,96.3,99.4
"E08000001",2017,94.8,92.9,96.3,97.7
"E08000001",2018,94.5,95,94.1,97
"E08000001",2019,94.6,92.4,95.4,98.6
"E08000001",2020,93.9,90.7,91.8,102.2
"E08000001",2021,94.5,94.8,89.3,102
"E08000002",2015,99.3,94.6,98.8,104.8
"E08000002",2016,99.7,95.8,100.7,102.6
"E08000002",2017,100.1,99,98.1,103.1
"E08000002",2018,99.5,100.1,94.9,103.7
"E08000002",2019,101.9,100.2,100.7,104
"E08000002",2020,97.8,89.5,99.4,105.6
"E08000002",2021,96.3,88.4,96.1,106.2
"E08000003",2015,77.7,83.8,80.4,79.7
"E08000003",2016,78.2,84.1,82.3,78.6
"E08000003",2017,80,86.6,84.5,78.5
"E08000003",2018,80.8,87.2,85.7,78.5
"E08000003",2019,81.3,87.7,85.3,79.7
"E08000003",2020,79.5,80.6,84.4,83.4
"E08000003",2021,81.8,86.1,84.4,83.5
"E08000004",2015,92.3,94.3,89.9,96.5
"E08000004",2016,92.8,96.4,90.8,94.5
"E08000004",2017,94.3,100.6,91.1,93.8
"E08000004",2018,91,97.4,86.1,93.8
"E08000004",2019,91.3,93.2,89.7,95.2
"E08000004",2020,92.9,94.5,88.6,99.1
"E08000004",2021,91.1,95,84.4,98
"E08000005",2015,90.2,88.6,89.4,97.4
"E08000005",2016,91.7,91.7,91.9,95.4
"E08000005",2017,92.3,94.2,90.2,96.3
"E08000005",2018,90.2,91.2,87.4,96.8
"E08000005",2019,92.6,92.8,91.9,96.7
"E08000005",2020,90.7,88.8,88.5,99.2
"E08000005",2021,91,91.8,87.7,97.9
"E08000006",2015,85.2,86.5,84.7,91.4
"E08000006",2016,85.3,87.4,85.6,89.9
"E08000006",2017,86,87.5,88.2,89.2
"E08000006",2018,85,86.9,87,88.3
"E08000006",2019,86.5,86.9,88.5,90.5
"E08000006",2020,85.5,84.7,86.4,92.4
"E08000006",2021,83.5,83.9,82.7,91.9
"E08000007",2015,103.3,96.8,103.1,108.6
"E08000007",2016,105.1,99,105.9,108
"E08000007",2017,106.3,99.8,108.1,108
"E08000007",2018,107.8,102.3,106.9,110.6
"E08000007",2019,104.7,96.5,105.9,109.5
"E08000007",2020,104.2,93.2,105.3,112.1
"E08000007",2021,105.4,99,103,111.7
"E08000008",2015,90.9,86,89.2,101.7
"E08000008",2016,91.5,85.3,93.3,100
"E08000008",2017,92.5,88.7,93.2,99.1
"E08000008",2018,93.2,93.1,91.4,98.5
"E08000008",2019,93.1,87.8,93.2,101.6
"E08000008",2020,91,83.4,90.8,103.2
"E08000008",2021,93.8,90.8,89.4,104.3
"E08000009",2015,111.1,108.6,107.9,111.6
"E08000009",2016,111.4,107.4,110.1,111.1
"E08000009",2017,111.5,106.5,112.7,109.8
"E08000009",2018,109.4,108.2,105.9,109.8
"E08000009",2019,113.2,107.2,114.2,111.9
"E08000009",2020,110.9,100.6,113.5,113.5
"E08000009",2021,111.3,103.2,112.1,113.2
"E08000010",2015,100.3,97,94.1,109.5
"E08000010",2016,99.2,96.1,94.2,107.8
"E08000010",2017,99.8,94.9,96.4,108.3
"E08000010",2018,99.8,96,95.7,107.9
"E08000010",2019,100,94.8,96.4,108.8
"E08000010",2020,95.1,85.4,93.2,109.1
"E08000010",2021,100.5,96.3,94.8,110.1
"E08000011",2015,86.4,80.6,81.5,103.7
"E08000011",2016,85.6,78.3,81.8,103.7
"E08000011",2017,85,75.9,81.2,105
"E08000011",2018,88,82.6,81.2,105.9
"E08000011",2019,88.1,85.6,78.8,105.7
"E08000011",2020,86.3,78,79.7,107.7
"E08000011",2021,82.8,76.8,72.4,107.4
"E08000012",2015,77.8,76.7,78.8,88.5
"E08000012",2016,79.5,79.8,80.7,87.7
"E08000012",2017,79.7,77.2,83.7,88.1
"E08000012",2018,82.9,79.5,88.2,89.1
"E08000012",2019,82.6,80.4,86.3,89.4
"E08000012",2020,81.3,76,83.7,93.2
"E08000012",2021,79.9,77.4,80.4,91.6
"E08000013",2015,94.5,87.4,93.1,105.6
"E08000013",2016,93.6,87,91.9,105.1
"E08000013",2017,95.2,90.2,92.2,105.5
"E08000013",2018,94.4,90,89.2,106.6
"E08000013",2019,95.6,90.6,93.4,104.9
"E08000013",2020,94,84.3,91.2,109.5
"E08000013",2021,96.3,91.1,89.8,109.8
"E08000014",2015,97.7,95.3,91.6,107.3
"E08000014",2016,96.7,92.3,91.8,107.5
"E08000014",2017,99.5,97.7,94,107
"E08000014",2018,99.1,95.8,93.4,108.6
"E08000014",2019,102.2,100.6,95.4,109.5
"E08000014",2020,99.8,94.7,92.8,111.9
"E08000014",2021,100.6,97.3,92.3,112
"E08000015",2015,100.6,92.5,98.5,110.6
"E08000015",2016,100.9,92.2,99.2,111
"E08000015",2017,103,95.2,101.2,111.2
"E08000015",2018,102.1,94.9,97.4,112.8
"E08000015",2019,101.2,91.8,99.1,112.1
"E08000015",2020,101.1,86,98.6,118.3
"E08000015",2021,98.9,84.2,95.3,117.8
"E06000010",2015,80.3,81.7,85.1,83.4
"E06000010",2016,80.8,82.4,86.2,83.1
"E06000010",2017,80.1,83.5,83.9,82.3
"E06000010",2018,78.1,82.6,81.1,81
"E06000010",2019,81.9,80.9,88,85.6
"E06000010",2020,80,72.1,86.9,90.6
"E06000010",2021,77.5,70.4,81.2,91.7
"E06000011",2015,108.9,105.3,108.5,108.5
"E06000011",2016,110,106.3,109.8,109.2
"E06000011",2017,109.8,105,111,108.6
"E06000011",2018,110.9,107,112.7,107.7
"E06000011",2019,109.2,102,112.5,108.8
"E06000011",2020,109.7,96.6,112.8,115.1
"E06000011",2021,108.1,95.4,109.1,116.1
"E06000012",2015,95.4,98.3,94.7,95.5
"E06000012",2016,96.4,99.4,93.9,97.7
"E06000012",2017,96.4,97.8,96.5,96.7
"E06000012",2018,94.3,95.5,94.5,95.8
"E06000012",2019,94,91.5,95.3,98.1
"E06000012",2020,93.6,86.4,93,104.5
"E06000012",2021,93.6,87.3,91.2,105.3
"E06000013",2015,99.7,95.4,102.2,101.5
"E06000013",2016,100.7,99.4,102.3,100
"E06000013",2017,99.1,100.3,98.7,98.7
"E06000013",2018,93.4,90.7,95.9,96.7
"E06000013",2019,96.7,92.4,101,98.4
"E06000013",2020,98.1,91.1,99.8,104.4
"E06000013",2021,98.3,96.8,92.9,106
"E06000014",2015,100.5,87.3,109.1,104.8
"E06000014",2016,102.6,89.7,110.5,106.4
"E06000014",2017,102.2,87.6,112.2,105.9
"E06000014",2018,102.3,89.9,110,106.1
"E06000014",2019,105,91.3,114,107.5
"E06000014",2020,104.4,85.4,112.1,113.6
"E06000014",2021,105.3,88.8,109.5,115.2
"E07000163",2015,117.7,118.6,115,110.9
"E07000163",2016,121.3,122.3,119.6,111.8
"E07000163",2017,119.3,115.7,122.3,110.5
"E07000163",2018,117.6,114.9,117.6,111.9
"E07000163",2019,115.5,109.3,115.3,114.4
"E07000163",2020,118.7,105.5,121.2,120.6
"E07000163",2021,114.4,92.9,119,124.5
"E07000164",2015,113.4,112,111,110.7
"E07000164",2016,115.3,110.5,116.1,111.9
"E07000164",2017,113.1,108.7,113.9,110.3
"E07000164",2018,115.8,117.3,111.9,110.6
"E07000164",2019,113.7,105.6,116.2,112.6
"E07000164",2020,114.9,104.7,115.3,117.7
"E07000164",2021,119.9,116.5,114.8,118.7
"E07000165",2015,115.1,106.3,116.7,115.1
"E07000165",2016,115,105.3,117.9,114.5
"E07000165",2017,117.5,111.4,120.7,112.1
"E07000165",2018,114,106.6,115.5,113.2
"E07000165",2019,117,106.9,118.2,117.7
"E07000165",2020,118.8,107.4,117.3,122.7
"E07000165",2021,124.9,118.1,119.7,124.9
"E07000166",2015,118.6,130.7,106,110.2
"E07000166",2016,119.8,129.5,109.5,110.8
"E07000166",2017,117.6,123.1,112.2,109
"E07000166",2018,113.6,111.7,114.5,108
"E07000166",2019,122.3,131.3,112.9,112
"E07000166",2020,115.2,113.7,109.2,115.3
"E07000166",2021,121.2,125.6,109.3,118.5
"E07000167",2015,111.1,110.2,114.6,103.1
"E07000167",2016,112.3,113.4,113.6,104.1
"E07000167",2017,111,110.7,113.9,103.2
"E07000167",2018,111.1,110.3,113.8,103.9
"E07000167",2019,112.4,111.3,115.5,104.4
"E07000167",2020,112.9,109.7,114,108.8
"E07000167",2021,111,105.3,112.2,110.2
"E07000168",2015,99.2,91.2,100.2,106.7
"E07000168",2016,101.8,97,99.9,107.7
"E07000168",2017,101.8,101.4,95.6,107.5
"E07000168",2018,101.8,101.1,96.1,107.2
"E07000168",2019,97,89.5,95.6,107.4
"E07000168",2020,95.3,81.3,94.4,112.5
"E07000168",2021,97.1,85.5,92.2,114.9
"E07000169",2015,108.3,103.6,109.6,107.6
"E07000169",2016,112,108.6,113,108.7
"E07000169",2017,110.4,105.3,111.7,109.4
"E07000169",2018,111.2,108.9,110.4,108.9
"E07000169",2019,106.7,99.3,108.7,108.9
"E07000169",2020,108.7,95.6,110.8,115.6
"E07000169",2021,111.5,101.7,109.4,117.8
"E08000016",2015,94.5,89.3,92.7,104.3
"E08000016",2016,96.6,93.9,94.7,102.9
"E08000016",2017,96.8,90.2,98.6,103.2
"E08000016",2018,97.3,92.2,98.8,102.2
"E08000016",2019,98.2,91,99.8,104.5
"E08000016",2020,97.1,86.5,97.7,108.6
"E08000016",2021,95.5,81.2,96.8,110.5
"E08000017",2015,93.2,97.5,89.1,96.2
"E08000017",2016,92.1,93.6,90.5,95.9
"E08000017",2017,93,90.7,95.5,96.1
"E08000017",2018,91.3,91.2,91.2,95.8
"E08000017",2019,90,86.2,92,96.6
"E08000017",2020,90.9,85.5,90.3,101.2
"E08000017",2021,91.5,87.9,89,101.6
"E08000018",2015,94.3,88.5,94.8,102.2
"E08000018",2016,96.5,92.2,97.7,101.3
"E08000018",2017,94.7,88.7,94.9,103
"E08000018",2018,93.9,86.4,95.4,102.7
"E08000018",2019,93.6,90.2,92,101.6
"E08000018",2020,96.2,89.1,93.8,107.5
"E08000018",2021,95.5,88.8,92,107.8
"E08000019",2015,95,95.5,97.8,94.1
"E08000019",2016,95.7,95.9,99.7,93.5
"E08000019",2017,96.2,98.7,97.8,93.9
"E08000019",2018,97.9,99.1,99.9,95.7
"E08000019",2019,96.6,97.1,99.6,94.6
"E08000019",2020,94.3,89,99.2,97.4
"E08000019",2021,96.2,94.6,98.3,97.6
"E08000032",2015,87.4,95.2,84.7,88.4
"E08000032",2016,86.9,93.2,86,87.9
"E08000032",2017,88.5,95.2,87.2,88.5
"E08000032",2018,89.6,97.1,88.6,88.1
"E08000032",2019,88.8,95.1,89.1,87.6
"E08000032",2020,87.1,87.7,86.6,93.4
"E08000032",2021,88,92.5,84.5,92.7
"E08000033",2015,96.9,96.4,100.7,95.1
"E08000033",2016,96.9,97.1,101.6,93.6
"E08000033",2017,97.6,97.1,102.8,94.1
"E08000033",2018,96,96.7,100,93.3
"E08000033",2019,96,94.9,100.9,94.2
"E08000033",2020,96.7,92.8,100.6,98.3
"E08000033",2021,96.9,93.5,100.4,98.5
"E08000034",2015,98.8,101.6,98.8,96.6
"E08000034",2016,98.9,101.9,100,95.3
"E08000034",2017,99.4,104,98.5,96
"E08000034",2018,97.2,100.5,97.8,94.6
"E08000034",2019,95.5,96.4,97.6,94.5
"E08000034",2020,95.5,93,96.3,99.5
"E08000034",2021,97,99.1,94.4,99
"E08000035",2015,91.6,93.8,93.5,91.5
"E08000035",2016,91,93.8,93.6,90
"E08000035",2017,92.6,95.5,95.6,90.1
"E08000035",2018,93.2,96.1,96.8,90
"E08000035",2019,91.2,90.2,97.9,89.8
"E08000035",2020,90.7,86.1,96.5,93.9
"E08000035",2021,91.3,87.9,96.2,93.9
"E08000036",2015,93.9,92.5,95.8,96.4
"E08000036",2016,94.4,93.8,96.3,95.8
"E08000036",2017,94.3,95.6,94.1,95.9
"E08000036",2018,93.2,93.4,94.5,95.1
"E08000036",2019,90.6,86,95.1,95.2
"E08000036",2020,92.6,84.8,96.4,100
"E08000036",2021,93.2,90.1,91.6,101.2
"E06000015",2015,92.3,92.5,93.9,94.4
"E06000015",2016,91.8,91.1,95.3,93
"E06000015",2017,92.2,94,92.8,93.6
"E06000015",2018,93.8,95.3,93.6,95.3
"E06000015",2019,92.7,92.1,94.7,94.8
"E06000015",2020,91.3,86.4,94.7,97.1
"E06000015",2021,90.4,87.2,92.2,96.4
"E06000016",2015,84,91.4,84.1,84.2
"E06000016",2016,81.9,86.1,86.1,82.3
"E06000016",2017,83.3,87.7,88,82.1
"E06000016",2018,87.2,96.3,89.5,81.9
"E06000016",2019,84.5,88.1,87,85.9
"E06000016",2020,86,87.9,87.1,89.6
"E06000016",2021,83.6,85.9,83.4,89.4
"E06000017",2015,122.2,110.5,122.4,123.1
"E06000017",2016,120.9,110.7,120,122
"E06000017",2017,120.6,108.3,122.4,121.3
"E06000017",2018,122.4,110.6,124.9,120.8
"E06000017",2019,119.8,107,119.6,123.4
"E06000017",2020,122.7,110.9,121.7,124.6
"E06000017",2021,124.6,113.7,121.3,126.8
"E06000018",2015,81.4,87,83,83.1
"E06000018",2016,81.6,87.7,85.6,80.3
"E06000018",2017,82.1,89.3,86,79.6
"E06000018",2018,82,89.1,85,80.5
"E06000018",2019,82.7,85.4,88.4,82.5
"E06000018",2020,83.2,85.5,85.3,86.8
"E06000018",2021,82,82.5,85.2,87.1
"E07000032",2015,111.7,108.7,109.8,111
"E07000032",2016,108.8,101.2,109.1,111.7
"E07000032",2017,107.8,101.2,106.1,112.3
"E07000032",2018,110.5,101.5,112.2,112.7
"E07000032",2019,110,99.2,111.1,114.8
"E07000032",2020,107.4,93.3,109.7,115.7
"E07000032",2021,111,100.7,109.7,117.4
"E07000033",2015,94.1,81.7,95.3,108.2
"E07000033",2016,98.5,89.1,96.7,110.5
"E07000033",2017,103.7,102.8,96.9,109.5
"E07000033",2018,101.2,97.8,96.3,108.9
"E07000033",2019,102.7,94.2,101,111.5
"E07000033",2020,98.8,85.5,98.9,112.5
"E07000033",2021,97.7,80,97.5,116.8
"E07000034",2015,97.9,85.3,103.5,105.9
"E07000034",2016,98.1,83.3,107.1,104.9
"E07000034",2017,97.2,84.4,103,105.7
"E07000034",2018,97.4,87.8,99.9,105.8
"E07000034",2019,93.9,78.3,102.5,103.9
"E07000034",2020,96.6,77.4,106.7,107.3
"E07000034",2021,94.9,75.5,103.1,108.7
"E07000035",2015,123,119.8,118.3,119.9
"E07000035",2016,121.8,116.8,120,118
"E07000035",2017,122.7,113.3,125,118.8
"E07000035",2018,119.1,113.7,116.9,117.4
"E07000035",2019,120,109.2,123.7,117.6
"E07000035",2020,120.4,113.1,119.6,118.7
"E07000035",2021,119.2,106.8,120.6,121
"E07000036",2015,108.2,104.6,105.2,111
"E07000036",2016,110.4,108,107.9,110.3
"E07000036",2017,107,102.9,106.5,108.1
"E07000036",2018,105.6,100,104.6,109.6
"E07000036",2019,107,103.9,101.1,112.7
"E07000036",2020,105.7,94.6,104.4,115.5
"E07000036",2021,107.1,97.9,101.6,118.4
"E07000037",2015,110.9,105.8,106.1,115.6
"E07000037",2016,110.9,104.4,108.8,114.3
"E07000037",2017,113.6,105.6,113,115.6
"E07000037",2018,111.5,103.7,110,115.4
"E07000037",2019,112.8,103.5,113.1,115.7
"E07000037",2020,113,100.7,112.9,119.1
"E07000037",2021,117.7,112.6,112.4,119.7
"E07000038",2015,110.9,100.7,110.7,116.1
"E07000038",2016,114.9,105.7,115.5,116.3
"E07000038",2017,111.1,102.4,108.9,116.8
"E07000038",2018,113.7,106.6,109.8,118.2
"E07000038",2019,117.7,111.4,110.6,122.6
"E07000038",2020,112.4,98.4,110.1,122.7
"E07000038",2021,112.3,96.8,108.4,125.8
"E07000039",2015,108.6,99.6,107.8,114.2
"E07000039",2016,109,101.9,108.8,112.1
"E07000039",2017,108.3,103.5,106.2,111.4
"E07000039",2018,112.8,111.8,106.3,114.1
"E07000039",2019,110.9,102.4,108,117.1
"E07000039",2020,108.5,96.3,108.9,116.1
"E07000039",2021,111.3,102.5,109.1,116.8
"E07000129",2015,110.7,103.7,111.6,111.6
"E07000129",2016,110.5,103.7,111,111.7
"E07000129",2017,112.8,106.4,116.3,109.5
"E07000129",2018,111.9,106.7,111.6,111.8
"E07000129",2019,114.8,103.4,116.4,117.6
"E07000129",2020,112.8,99.9,112.6,119.7
"E07000129",2021,116.6,111.6,112.3,117.9
"E07000130",2015,110.1,110,108.6,106.7
"E07000130",2016,109.8,105.7,113.8,105.3
"E07000130",2017,108,105.6,108.4,106.3
"E07000130",2018,109.9,109.5,110.2,105.3
"E07000130",2019,109.6,105.2,106.1,112.9
"E07000130",2020,110,103.3,108.6,113.5
"E07000130",2021,112.9,108.8,110.3,113.4
"E07000131",2015,116.4,108.6,117,115.7
"E07000131",2016,116.9,110.2,119.1,113.3
"E07000131",2017,115.3,105.1,121.5,111.9
"E07000131",2018,112.7,98.9,120.5,112.6
"E07000131",2019,114.6,100.7,120.8,115.2
"E07000131",2020,113,93.1,122.4,117.3
"E07000131",2021,112.6,96.1,116.3,119.3
"E07000132",2015,109.5,105.4,107.8,110.9
"E07000132",2016,111.4,108.9,109.9,109.9
"E07000132",2017,110.9,103.3,113.5,110.6
"E07000132",2018,107.1,97.6,111,109.3
"E07000132",2019,112.3,102,114.3,114.8
"E07000132",2020,112.3,98.5,114.8,117.7
"E07000132",2021,113.2,107.5,108,117.7
"E07000133",2015,107.8,100.1,111,108.6
"E07000133",2016,103.9,96.8,108.1,105
"E07000133",2017,103.5,92.7,111.3,104.9
"E07000133",2018,102.7,88.7,113.1,104.9
"E07000133",2019,108.3,96.8,113.6,110.6
"E07000133",2020,107.2,94.7,112,111.5
"E07000133",2021,104.9,84.5,115.4,112.3
"E07000134",2015,108.9,106.9,104.4,111.1
"E07000134",2016,107.5,101.7,108.2,109.1
"E07000134",2017,108,98.2,109.9,112
"E07000134",2018,108.1,107.1,104.9,108.3
"E07000134",2019,109.6,100.8,111,112.4
"E07000134",2020,109,99.4,111.1,112.3
"E07000134",2021,107.3,98.1,105,115.4
"E07000135",2015,112.2,115.8,105.5,109.5
"E07000135",2016,112.2,113.5,107.6,109.6
"E07000135",2017,109.4,105.4,109.2,109.1
"E07000135",2018,108.4,105.2,106.8,109.2
"E07000135",2019,110.3,101.3,109.3,115.5
"E07000135",2020,113.7,109.3,108.3,116.7
"E07000135",2021,109.1,102.2,106.1,114.7
"E07000136",2015,87.6,91.6,86.9,90.2
"E07000136",2016,91.5,94.5,91.6,92.5
"E07000136",2017,89.4,95.4,87.6,90.3
"E07000136",2018,91.5,100.2,88.5,89.8
"E07000136",2019,89.5,93.2,88,92.4
"E07000136",2020,88.8,86.6,88.2,97
"E07000136",2021,88,88.9,85.3,95.5
"E07000137",2015,94.1,94.9,94.9,95.4
"E07000137",2016,94.7,93.8,97.6,95.3
"E07000137",2017,91,88.4,94,95
"E07000137",2018,89.4,89.2,91.9,92.1
"E07000137",2019,92.2,87.3,99.1,94.1
"E07000137",2020,91,84.2,94.3,98.8
"E07000137",2021,92.2,87.1,94.5,98.7
"E07000138",2015,92.6,98.1,93.7,89.4
"E07000138",2016,90.2,90.4,95.2,89.7
"E07000138",2017,90.9,96.8,92.4,87.9
"E07000138",2018,85.6,83.8,92.5,87.4
"E07000138",2019,80,71.6,92.6,85.5
"E07000138",2020,85.6,81.9,91.9,89.9
"E07000138",2021,85.3,79.9,92.6,90.6
"E07000139",2015,123.5,120.7,115.5,123
"E07000139",2016,119.8,113.5,115.4,121
"E07000139",2017,118.8,115,112.8,119.6
"E07000139",2018,116.6,108.5,113.8,119.4
"E07000139",2019,119.5,113.9,113.8,121.5
"E07000139",2020,116.2,106.2,109.6,125.1
"E07000139",2021,114.8,98.5,110.1,128.6
"E07000140",2015,100.7,102.2,95.1,104.4
"E07000140",2016,99.1,97.9,96.5,103.3
"E07000140",2017,96.1,90.3,97.7,102.3
"E07000140",2018,101,105.5,97.3,99.6
"E07000140",2019,99,98.1,96.2,103.2
"E07000140",2020,101.4,102.2,96.1,105.2
"E07000140",2021,94.4,88.7,90.8,106.5
"E07000141",2015,108.1,102.3,107.8,110.4
"E07000141",2016,107.7,102.4,106.7,110.4
"E07000141",2017,108.6,102.3,108.8,110.7
"E07000141",2018,107.4,100.5,109.3,109
"E07000141",2019,106.9,100.3,107.6,109.5
"E07000141",2020,107.4,97,107.6,114.1
"E07000141",2021,107.7,98.8,103.9,116.7
"E07000142",2015,106.2,102.3,106.4,106.9
"E07000142",2016,107.6,107.7,105.8,105.6
"E07000142",2017,107.2,106.8,106,105.5
"E07000142",2018,107.7,108.5,106.8,104.1
"E07000142",2019,107.3,107.6,103.1,107.8
"E07000142",2020,104.5,95.6,105.5,110.3
"E07000142",2021,106.7,98.3,106.3,112.2
"E07000170",2015,98.8,96.8,96,104.2
"E07000170",2016,98.6,95,99.1,102.5
"E07000170",2017,97.1,94.7,97.5,100.6
"E07000170",2018,98.1,99.6,95.6,100
"E07000170",2019,98,93.9,97.1,104
"E07000170",2020,96.7,90.6,95.3,105.8
"E07000170",2021,99.5,93.3,97.1,108.2
"E07000171",2015,92.9,85.2,98,99.1
"E07000171",2016,96.9,87.7,103.5,100.9
"E07000171",2017,97.8,94.6,101.8,98
"E07000171",2018,95,91.2,99.2,96.9
"E07000171",2019,96,88,100.8,101.2
"E07000171",2020,93.1,78.4,99.4,104.8
"E07000171",2021,93.8,78.7,99.8,105.8
"E07000172",2015,115.3,112.3,109.3,117
"E07000172",2016,113.8,109,111.1,114.7
"E07000172",2017,110.3,99.4,113.9,112.7
"E07000172",2018,111.4,104.7,111.9,112.1
"E07000172",2019,115.1,109.1,114.1,114.9
"E07000172",2020,110.6,98.7,110.4,117.5
"E07000172",2021,111.5,102.5,107.9,118.5
"E07000173",2015,112.6,109,108.1,114.7
"E07000173",2016,110,106,107.4,111.9
"E07000173",2017,110.1,105.1,109,111.3
"E07000173",2018,112,108.5,110,111.9
"E07000173",2019,111.2,104.2,109.2,114.8
"E07000173",2020,109.4,92.6,113.4,117.5
"E07000173",2021,111.2,100.4,110,117.8
"E07000174",2015,94.2,92.5,92.7,100.2
"E07000174",2016,93.8,91.7,95.5,97.1
"E07000174",2017,93.9,90.1,97.8,96.7
"E07000174",2018,90.1,80.3,97.6,97.1
"E07000174",2019,94.9,89.9,96.3,100.8
"E07000174",2020,94.2,86.6,94,104.9
"E07000174",2021,91.6,78.8,94.6,105.3
"E07000175",2015,105.4,105.9,104.9,102.8
"E07000175",2016,106.8,106.2,108,103
"E07000175",2017,107.2,106.6,108.5,103.2
"E07000175",2018,102,98.6,104.5,101.9
"E07000175",2019,103.4,98,106.4,104.3
"E07000175",2020,101.3,90.2,105.3,107.7
"E07000175",2021,98.9,83,106.2,108.1
"E07000176",2015,122.3,114.3,126.2,115.7
"E07000176",2016,120.8,112,125.7,114.6
"E07000176",2017,121,114,127.1,111.8
"E07000176",2018,120.6,107.5,131,113.4
"E07000176",2019,122,106,130.5,118.9
"E07000176",2020,121.9,105.7,129.5,120
"E07000176",2021,121,103,126.5,123.4
"E06000061",2015,98.1,95.2,98.4,101.6
"E06000061",2016,98,95.7,100.2,99.1
"E06000061",2017,96.8,92.8,98.8,100.4
"E06000061",2018,97.7,95.4,98.6,100.3
"E06000061",2019,99.8,95.8,101.3,102.5
"E06000061",2020,99.6,92.1,99.5,107.4
"E06000061",2021,99.2,91.8,99.3,106.9
"E06000062",2015,100.2,104.1,100.9,95.5
"E06000062",2016,101.4,106.1,103.4,94.1
"E06000062",2017,99.6,103.2,102,93.9
"E06000062",2018,100.9,103,103.7,95.6
"E06000062",2019,102,102.6,104.7,97.8
"E06000062",2020,102.4,100.4,103,102.6
"E06000062",2021,100,99.2,98.6,102.2
"E06000019",2015,104.5,106.7,105.6,99
"E06000019",2016,105.7,107.2,109.4,97.7
"E06000019",2017,107.7,108.2,110.6,100.4
"E06000019",2018,104.7,105.6,105.2,101.1
"E06000019",2019,101.3,94.2,107.9,101.2
"E06000019",2020,101.5,92.1,105.7,105.9
"E06000019",2021,99.9,89.8,103.5,106.4
"E06000020",2015,94.5,90.9,96.4,98.8
"E06000020",2016,94.7,91.7,97.2,97.6
"E06000020",2017,94.5,93,95.3,98.1
"E06000020",2018,96.4,93.9,97.9,99.2
"E06000020",2019,92.7,86.1,96.9,98.6
"E06000020",2020,93.4,85,96.7,101.8
"E06000020",2021,89.6,79.6,90.5,103.7
"E06000021",2015,87.9,87.7,86.2,95.6
"E06000021",2016,89.5,92.3,86.8,94.3
"E06000021",2017,90.2,93.4,87.2,94.6
"E06000021",2018,86.5,85.8,86.5,93.7
"E06000021",2019,86.1,84.8,84.4,95.7
"E06000021",2020,87.1,81.1,85.3,101.2
"E06000021",2021,88.4,83.6,84.5,102.6
"E06000051",2015,109.1,107.1,110.5,105.5
"E06000051",2016,110.9,109.3,112.6,105.4
"E06000051",2017,108.6,107.3,109.6,104.7
"E06000051",2018,107.4,105.8,107.8,105.1
"E06000051",2019,109.9,108.3,110.1,106.5
"E06000051",2020,109.1,100.5,112.8,109.6
"E06000051",2021,108.8,100,111.9,110.1
"E07000192",2015,99.8,98,94.9,106.6
"E07000192",2016,101.4,101.5,96.9,105.2
"E07000192",2017,100.1,101.9,91.9,106.6
"E07000192",2018,101.5,101.8,93.3,108.6
"E07000192",2019,104.6,102.3,96.3,113
"E07000192",2020,98.7,83.6,97.1,116.1
"E07000192",2021,104.4,95.8,97.7,117.8
"E07000193",2015,104.1,105.9,103.3,101.2
"E07000193",2016,103.4,105.3,104.1,99.1
"E07000193",2017,102.9,104.2,102.9,100.3
"E07000193",2018,102.8,105,99.8,102.4
"E07000193",2019,103.5,102.8,101.2,104.9
"E07000193",2020,100.4,90.1,101.2,109.8
"E07000193",2021,102.1,95.2,99,111.1
"E07000194",2015,111.2,108.1,108.9,111.4
"E07000194",2016,109.4,105.5,110.4,107.9
"E07000194",2017,111.9,109.7,111.3,109
"E07000194",2018,107.8,102.6,108.3,108.8
"E07000194",2019,107.6,98.1,110.9,110.2
"E07000194",2020,105,87.3,109.8,115.6
"E07000194",2021,113.1,105.9,110.9,116.3
"E07000195",2015,102.9,97,101.8,108.5
"E07000195",2016,104.7,102.5,100.3,109.1
"E07000195",2017,103.1,100,100.3,107.6
"E07000195",2018,104.4,101.9,100.8,108.4
"E07000195",2019,104.3,102.4,100.1,108.3
"E07000195",2020,105.9,103.1,99.7,112.2
"E07000195",2021,108,103.1,101.3,115.7
"E07000196",2015,112.4,110.6,106,114.5
"E07000196",2016,111.4,107.3,106.8,114.6
"E07000196",2017,112.5,108.2,108.8,114.5
"E07000196",2018,117.7,117.5,110.7,116.3
"E07000196",2019,116.9,116.9,108.3,117.4
"E07000196",2020,113.9,106.9,107.6,120.6
"E07000196",2021,115.8,112,105.6,122.3
"E07000197",2015,106.8,100.2,109.2,107.8
"E07000197",2016,106.5,101.2,109.3,105.8
"E07000197",2017,109.3,102.8,112.6,108
"E07000197",2018,105.4,95.4,107.7,110.6
"E07000197",2019,108.4,98.3,110.5,112.4
"E07000197",2020,107,90.1,111.2,116.3
"E07000197",2021,108.8,91.3,112,118.8
"E07000198",2015,109.9,106.2,103.3,115.4
"E07000198",2016,110.3,108.7,104.9,112.4
"E07000198",2017,114.1,110.5,111.2,113.8
"E07000198",2018,114,113.4,106.8,115.2
"E07000198",2019,113.9,109.6,110.2,115.2
"E07000198",2020,115.4,104.1,111.4,123.2
"E07000198",2021,115,107.6,108.8,121.4
"E07000199",2015,103.6,103.6,99.6,105.8
"E07000199",2016,100.2,100.3,99.6,100.6
"E07000199",2017,99.8,95.1,101.4,102.9
"E07000199",2018,100.4,99.5,98.2,103.3
"E07000199",2019,97.4,91.5,97.8,104.1
"E07000199",2020,98.4,86,100.9,108.9
"E07000199",2021,102.1,94.1,101.1,110.2
"E07000218",2015,107,107.8,102.8,107.1
"E07000218",2016,108.9,111,107.2,104.1
"E07000218",2017,106.2,103.7,103.3,108.6
"E07000218",2018,104.4,100.8,101.8,108.6
"E07000218",2019,104.8,98.9,101.6,111.6
"E07000218",2020,101.7,93.7,98.6,112
"E07000218",2021,103.9,96.8,98.4,114.6
"E07000219",2015,97.1,93.4,96.9,102.6
"E07000219",2016,95.2,91.2,96.9,99.9
"E07000219",2017,94.6,92.5,94.1,99.9
"E07000219",2018,95.3,93.3,92.8,102.1
"E07000219",2019,95.7,91.3,94.8,103
"E07000219",2020,95.8,94.2,88.6,106.8
"E07000219",2021,98.5,95.8,91.2,109.3
"E07000220",2015,105.2,106.5,106.6,100
"E07000220",2016,104.2,103.3,107.5,99.7
"E07000220",2017,103.5,103.1,107.6,98
"E07000220",2018,102.7,104.6,103.6,98.5
"E07000220",2019,104.9,104.4,106.3,101.6
"E07000220",2020,105.5,103.6,105.3,105
"E07000220",2021,103.8,98.1,105.1,106.4
"E07000221",2015,116,111.7,118.3,110.2
"E07000221",2016,115.5,114.1,119.8,105.3
"E07000221",2017,113.9,113.2,118.8,103
"E07000221",2018,112,108.6,116.7,105
"E07000221",2019,114.2,110.9,115.3,109.6
"E07000221",2020,113.8,106.3,115.1,113.4
"E07000221",2021,116.5,112.7,114.6,114.4
"E07000222",2015,113.2,102.8,119.6,111
"E07000222",2016,113.7,109.2,118.9,106.5
"E07000222",2017,112.3,110.3,113.3,107.4
"E07000222",2018,115.8,113.2,117,109.6
"E07000222",2019,114,108.1,116.7,110.5
"E07000222",2020,114.7,105,116.5,115.7
"E07000222",2021,112.7,102.1,113.9,116
"E07000234",2015,111.1,105,115.6,107.5
"E07000234",2016,112,107.8,115.6,106.9
"E07000234",2017,114.4,113.2,114.4,108.6
"E07000234",2018,115,113.4,115.7,108.7
"E07000234",2019,111.3,101.4,118.7,108.3
"E07000234",2020,111.9,102.9,114,113.1
"E07000234",2021,118.2,112.9,117.5,115.4
"E07000235",2015,114.1,118,115.8,101.7
"E07000235",2016,111.5,112.9,116.5,99.4
"E07000235",2017,112.2,116.4,113.6,100.8
"E07000235",2018,110.2,111.6,111.6,102.6
"E07000235",2019,107.7,99.7,115.2,104.4
"E07000235",2020,106.7,98.8,109.7,108.4
"E07000235",2021,106,94.1,113,107.9
"E07000236",2015,97.2,92.5,97.1,103.4
"E07000236",2016,100.4,101.5,98.3,101.1
"E07000236",2017,100.6,103.5,96.2,102
"E07000236",2018,100.6,104.9,95.3,101.3
"E07000236",2019,100.1,95.8,101.3,103
"E07000236",2020,96,82.6,101.4,105.8
"E07000236",2021,95,81.2,98.1,108.1
"E07000237",2015,99.6,94.2,102.2,102.7
"E07000237",2016,101.3,97.1,106.1,100
"E07000237",2017,101.6,95.9,107.1,101.1
"E07000237",2018,99.5,92.7,104.6,101.3
"E07000237",2019,103.4,95.5,107.3,105.8
"E07000237",2020,100.9,89.8,102,110.4
"E07000237",2021,104.5,94.9,105.4,111.1
"E07000238",2015,111,115.5,108.3,104
"E07000238",2016,109.2,114,106.5,102.5
"E07000238",2017,109.4,115.3,106.2,102.3
"E07000238",2018,109.2,111.4,107.6,104.2
"E07000238",2019,110.5,107,114.3,105.1
"E07000238",2020,106.2,98.1,108.5,108.9
"E07000238",2021,108.4,102.1,109.1,110
"E07000239",2015,98.4,94.1,102.8,99
"E07000239",2016,100.3,97.9,103.8,99.2
"E07000239",2017,101.4,102.6,102.2,98.9
"E07000239",2018,101.6,101.7,102.3,100
"E07000239",2019,99.3,96.9,102.5,98.8
"E07000239",2020,96.8,90.1,98,103.8
"E07000239",2021,96.4,85.7,100.4,104.9
"E08000025",2015,84.2,87.3,85.5,87.3
"E08000025",2016,85.8,92.7,87.2,84.4
"E08000025",2017,86.5,93.3,87.8,84.9
"E08000025",2018,86,94.2,85.9,84.5
"E08000025",2019,84.7,89.4,87.6,84.4
"E08000025",2020,83.4,84.7,85.2,88.2
"E08000025",2021,84.2,87.8,84.4,88
"E08000026",2015,93,96.1,94,92.2
"E08000026",2016,94.1,99.3,95.2,90.6
"E08000026",2017,90.9,94.8,90.6,91.6
"E08000026",2018,90.4,93.2,90.9,91.6
"E08000026",2019,90.1,94.1,88.2,92.8
"E08000026",2020,89.6,91.5,85.8,96.6
"E08000026",2021,90,95.4,82.6,96.8
"E08000027",2015,96.1,94.4,91.4,104.3
"E08000027",2016,94.5,90.4,93.5,102.2
"E08000027",2017,95.1,92.1,93.7,102
"E08000027",2018,95.1,93.5,92.3,101.9
"E08000027",2019,95.5,92.5,93.1,103.1
"E08000027",2020,94.2,89.5,90.7,105.1
"E08000027",2021,95.6,92.1,89.7,107.1
"E08000028",2015,88.9,91.6,83.9,96.5
"E08000028",2016,88.3,91.6,84.9,93.9
"E08000028",2017,86.6,90.5,82.1,93.6
"E08000028",2018,88,91.5,84.3,94
"E08000028",2019,86.4,90.8,80.8,94.1
"E08000028",2020,84.8,85.1,81.3,95.3
"E08000028",2021,85.3,84.7,82.7,95.4
"E08000029",2015,104.1,99.8,106.5,103.9
"E08000029",2016,102.4,96.2,109.1,100.8
"E08000029",2017,102.6,96.8,106.7,103
"E08000029",2018,103.6,97.8,108,103.3
"E08000029",2019,102.1,95.7,106.5,103.1
"E08000029",2020,99.5,88.9,103.9,105.8
"E08000029",2021,100.3,90.1,105.4,105.3
"E08000030",2015,94.2,103.5,89.1,92.8
"E08000030",2016,94.7,104.7,89.8,92.2
"E08000030",2017,93,102.7,87.3,92.3
"E08000030",2018,92.9,101.1,88.2,92.9
"E08000030",2019,91.1,100,85,92.7
"E08000030",2020,89.7,94.4,84.5,95.3
"E08000030",2021,89.1,95.7,82,94.9
"E08000031",2015,85.1,87.4,83.6,91.4
"E08000031",2016,87.3,92.2,85.7,90.1
"E08000031",2017,88,94.3,83.9,91.5
"E08000031",2018,86.7,94.8,80.2,91.6
"E08000031",2019,88.1,94.4,83,92.5
"E08000031",2020,89,92.7,82.8,96.6
"E08000031",2021,87.6,90.8,81.4,96.4
"E06000031",2015,93.3,96.2,93.6,93.4
"E06000031",2016,91.2,94.2,92.5,91.2
"E06000031",2017,90.4,92.3,92.8,90.7
"E06000031",2018,90,90.6,92.2,91.9
"E06000031",2019,90.8,92.8,91.6,92.4
"E06000031",2020,85.7,78.5,88.3,97.1
"E06000031",2021,84.1,74.4,88.7,96.8
"E06000032",2015,93.4,102.9,90.5,89.9
"E06000032",2016,90.5,100.5,88.5,87.2
"E06000032",2017,90.4,101.4,87.4,87
"E06000032",2018,93.3,108.4,86.5,88.2
"E06000032",2019,92.4,107.6,84.5,88.9
"E06000032",2020,90.8,99.6,83.8,93.5
"E06000032",2021,92.9,104,84.8,93.3
"E06000033",2015,95.8,96.5,100,93
"E06000033",2016,96.1,96.3,100.5,93.4
"E06000033",2017,96.3,95.4,100.4,94.9
"E06000033",2018,97,98.3,99.3,94.7
"E06000033",2019,98,99.5,100.3,95
"E06000033",2020,96.4,94.5,97.7,98.7
"E06000033",2021,99,98.9,99.7,98.9
"E06000034",2015,94,103.6,92.1,89.1
"E06000034",2016,93.9,102.2,93.4,89
"E06000034",2017,93.8,100.6,94.7,89
"E06000034",2018,94.2,103.5,93.9,87.9
"E06000034",2019,95.4,106.8,92.4,89.2
"E06000034",2020,98.9,109.9,91.7,95.7
"E06000034",2021,99.9,110.7,92.9,96.3
"E06000055",2015,101.5,106.5,100.5,96.7
"E06000055",2016,103,108.6,103.2,95.7
"E06000055",2017,103.1,108.9,102.3,96.6
"E06000055",2018,100.7,107.4,99,95.4
"E06000055",2019,101,102.8,101.6,98.2
"E06000055",2020,100.3,97.1,100.1,103.5
"E06000055",2021,100.8,98.9,99.9,103.2
"E06000056",2015,109.8,108.9,108.4,107.6
"E06000056",2016,110.6,110.6,110.4,105.8
"E06000056",2017,109.5,107,110.5,106.5
"E06000056",2018,110,110.2,109,105.9
"E06000056",2019,109.3,105.6,108.5,109.4
"E06000056",2020,110.5,104.1,110,112.5
"E06000056",2021,112.2,108.2,109.1,113.4
"E07000008",2015,98.2,95.8,109.3,90.4
"E07000008",2016,101,103.1,112.5,87
"E07000008",2017,101.2,104.1,112.3,86.6
"E07000008",2018,103.9,110.2,113.9,85.8
"E07000008",2019,96.9,93.3,111,87.9
"E07000008",2020,107.6,115.3,112.4,91.5
"E07000008",2021,102.3,99.8,112.5,93.5
"E07000009",2015,115.2,110.7,108.1,119.6
"E07000009",2016,113.9,107.8,110.3,116.8
"E07000009",2017,114.1,106.3,113,116.2
"E07000009",2018,117.7,107,118,119.6
"E07000009",2019,113,97.5,116.9,118.3
"E07000009",2020,115.2,103.2,117.9,117.2
"E07000009",2021,115.3,105.1,115.4,118
"E07000010",2015,91,84.5,92.8,99.9
"E07000010",2016,95.1,93.9,95.8,98.1
"E07000010",2017,93.2,87.9,95.1,99.7
"E07000010",2018,93.3,90.3,93.4,99.5
"E07000010",2019,92.1,85.6,93.3,101.1
"E07000010",2020,94.3,88.5,91.5,105.7
"E07000010",2021,93.2,87.6,89.7,105.4
"E07000011",2015,110.5,105.7,106.9,113.7
"E07000011",2016,113.5,113.3,108.6,112.1
"E07000011",2017,115.3,113.1,113.4,112.1
"E07000011",2018,112.1,110.4,108.4,111.8
"E07000011",2019,110.5,105.8,107.6,113.1
"E07000011",2020,108.7,97.6,108.4,115.8
"E07000011",2021,112,107,105.7,117.6
"E07000012",2015,120.2,107.6,120.2,123.2
"E07000012",2016,119.9,106.2,123.2,120.6
"E07000012",2017,120.5,109.7,123.4,118.7
"E07000012",2018,120.7,111.8,119.1,121.4
"E07000012",2019,119.8,104.9,122.7,122.3
"E07000012",2020,117.2,100.5,120.6,122.4
"E07000012",2021,118.8,100.9,121.3,125.3
"E07000066",2015,100,104.9,99.7,95.6
"E07000066",2016,100.3,106.2,99.5,95.1
"E07000066",2017,97.1,98.7,97.7,96.3
"E07000066",2018,96.9,99.4,97.4,95.4
"E07000066",2019,100.3,103.7,99.7,97.2
"E07000066",2020,97.8,98.7,94.8,100.8
"E07000066",2021,100.6,106.3,93.6,101.5
"E07000067",2015,102.9,101.5,102.5,103.4
"E07000067",2016,103.3,97.7,105.9,104.8
"E07000067",2017,106.8,101.7,108.3,107.2
"E07000067",2018,104.2,99.1,107.9,103.5
"E07000067",2019,101.2,96.4,103.7,102.9
"E07000067",2020,104.2,96.1,106,108.6
"E07000067",2021,106.2,103.4,104.4,107.9
"E07000068",2015,113.4,106,117.9,110
"E07000068",2016,113.1,107.5,119.2,106.2
"E07000068",2017,115.2,113.6,117.3,107.3
"E07000068",2018,116.1,121.3,116.9,102.4
"E07000068",2019,112.3,105.3,119.9,105.9
"E07000068",2020,111.3,102,118.6,107.8
"E07000068",2021,112,106.8,115,108.6
"E07000069",2015,111.5,109.4,104.2,115.5
"E07000069",2016,108.5,102.6,104.5,114.4
"E07000069",2017,111.5,113,102.9,113.1
"E07000069",2018,110.1,106.4,106.5,112.4
"E07000069",2019,109.3,105.4,104.1,114
"E07000069",2020,112,109.7,104.4,116
"E07000069",2021,110.4,108.8,101.7,115.8
"E07000070",2015,109.3,110.4,112.8,100.1
"E07000070",2016,112.9,116.9,113.7,101.9
"E07000070",2017,106.8,104.6,110.8,101.8
"E07000070",2018,108.2,109.2,111.2,100.2
"E07000070",2019,110.2,108,114.7,102.9
"E07000070",2020,109.9,107,113.7,104.1
"E07000070",2021,109.4,106.5,113,104.1
"E07000071",2015,101.3,95.8,110.2,97.3
"E07000071",2016,102.5,95.5,113.7,97
"E07000071",2017,99.1,93,108,96.7
"E07000071",2018,99.3,91.8,108.7,97.7
"E07000071",2019,99.8,91.4,111.1,97
"E07000071",2020,100,88.1,110.1,101.7
"E07000071",2021,96.3,81.3,105,104.3
"E07000072",2015,107.1,112.3,105.8,99.8
"E07000072",2016,110,118.5,108.4,98.2
"E07000072",2017,109.2,117,108.9,97.4
"E07000072",2018,109.1,114.9,110.8,97.1
"E07000072",2019,109.2,114.5,109.9,98.8
"E07000072",2020,106,107,108.4,99.8
"E07000072",2021,107.9,109.9,110.7,99.4
"E07000073",2015,91.8,98.5,95.2,85.6
"E07000073",2016,92.3,95.9,96.5,88.1
"E07000073",2017,92.5,95.3,97.2,88.6
"E07000073",2018,92.7,99.7,94.2,87.8
"E07000073",2019,88.5,89.9,92.4,88.8
"E07000073",2020,87.8,83.3,93.9,92.1
"E07000073",2021,90.2,96.8,85.3,93.2
"E07000074",2015,112.1,106.2,112.2,112
"E07000074",2016,114.1,106.6,115.9,112.9
"E07000074",2017,108.2,97.2,111.6,111.9
"E07000074",2018,109.7,108.7,105.2,110.5
"E07000074",2019,110,106.7,108,110.4
"E07000074",2020,107.7,95.3,112.6,111.5
"E07000074",2021,106.8,92.1,111.5,113.4
"E07000075",2015,114,107.2,114.7,113.4
"E07000075",2016,111.9,98.7,115.3,115.9
"E07000075",2017,115.5,108.7,117,113.5
"E07000075",2018,117.4,114.6,115,114.4
"E07000075",2019,118.7,112.1,116.5,118.5
"E07000075",2020,115.6,105.4,114.4,119.7
"E07000075",2021,122,118.8,114.1,122.5
"E07000076",2015,88.2,83.4,92,94.8
"E07000076",2016,89.7,85.4,94.2,94.3
"E07000076",2017,90.6,87.3,93.6,95.5
"E07000076",2018,91.1,87.1,93.5,96.9
"E07000076",2019,90.4,84.7,93.2,97.8
"E07000076",2020,91.2,80.3,93.7,103.8
"E07000076",2021,92.9,86.2,92.1,103.8
"E07000077",2015,114.3,107.2,116.7,112.1
"E07000077",2016,119.8,116.3,119.3,114.3
"E07000077",2017,120.1,119.7,120.7,110.2
"E07000077",2018,118.7,116.8,120.3,109.9
"E07000077",2019,121.5,118.1,123.4,112.7
"E07000077",2020,121.3,116.4,121,116.3
"E07000077",2021,122.4,115.3,122.8,118.3
"E07000095",2015,109.3,119.3,102.7,101.5
"E07000095",2016,103,107,101.3,99.2
"E07000095",2017,107.2,116.1,104.1,97.9
"E07000095",2018,104.9,111.5,100.8,100
"E07000095",2019,106.4,109.6,108.2,98.3
"E07000095",2020,104.4,106.5,102.6,101.9
"E07000095",2021,106.1,112.6,99.7,102.9
"E07000096",2015,109.2,110.7,107.3,105.1
"E07000096",2016,107.8,108.2,108.4,103.3
"E07000096",2017,107.4,106.8,109.9,102.1
"E07000096",2018,106.4,106.5,107.2,102.5
"E07000096",2019,109,107.3,109,106.3
"E07000096",2020,108,102.3,109.8,108.1
"E07000096",2021,107,98.5,110.6,108.4
"E07000098",2015,104.3,109.1,103.3,98.4
"E07000098",2016,100.4,99,104.8,97.3
"E07000098",2017,101,104.9,101.2,96.4
"E07000098",2018,102,101.6,106.9,96.4
"E07000098",2019,102.6,101.6,106.5,98.4
"E07000098",2020,98.5,92.2,105.8,98.2
"E07000098",2021,103.2,101.9,105.6,100.4
"E07000099",2015,112.6,110.3,114,107.4
"E07000099",2016,113.8,112.7,115.2,106.9
"E07000099",2017,110,106.2,114.1,105
"E07000099",2018,110.5,104.8,115.7,106
"E07000099",2019,115.9,110.2,122.5,107.5
"E07000099",2020,114,105.5,117.4,112.3
"E07000099",2021,120.1,118.4,118.9,113.5
"E07000102",2015,118.9,121.5,113.3,112.9
"E07000102",2016,118.3,122.5,113.7,110
"E07000102",2017,117.7,122.9,112.2,109.6
"E07000102",2018,117.7,123.4,111.8,109.4
"E07000102",2019,113.5,114.5,108.2,111.4
"E07000102",2020,114.1,111.2,112.2,112
"E07000102",2021,118.4,122.1,110.9,113.3
"E07000103",2015,103.7,115.3,105.2,88.8
"E07000103",2016,102.5,115.8,104.7,85.8
"E07000103",2017,101.5,114.1,104,85.7
"E07000103",2018,96.1,106.4,99.1,84.7
"E07000103",2019,97.5,104.9,100.8,88
"E07000103",2020,92.7,88,101.8,91.8
"E07000103",2021,100.4,108.8,99.5,92.7
"E07000240",2015,118,115.2,123,107.2
"E07000240",2016,116.5,116.9,122.8,102.1
"E07000240",2017,118.1,118.4,125.4,101.7
"E07000240",2018,115.6,115,123.1,101.2
"E07000240",2019,116.1,116.9,120.9,102.8
"E07000240",2020,114.6,102.9,126.7,107.3
"E07000240",2021,115.3,106.8,124.3,107.6
"E07000241",2015,101.7,104,105.7,94.5
"E07000241",2016,104,108.2,107.3,94.7
"E07000241",2017,103,105.5,107.2,95
"E07000241",2018,102.8,103.6,108.4,95.1
"E07000241",2019,100.6,97.9,107.1,96.5
"E07000241",2020,101.7,95.9,107.2,101.1
"E07000241",2021,101.2,99,103.1,100.9
"E07000242",2015,116.9,114.3,120.3,108.1
"E07000242",2016,117.9,118.5,121.8,105
"E07000242",2017,116.1,111.9,120.7,107.9
"E07000242",2018,118.8,119.4,121,107
"E07000242",2019,116.7,110.9,122.8,108.3
"E07000242",2020,116.9,110.7,120.7,111.2
"E07000242",2021,117.9,110.3,122.7,112.1
"E07000243",2015,95.7,96.9,99.1,93
"E07000243",2016,95,95.2,100.5,91.6
"E07000243",2017,99,105.3,101.4,90.8
"E07000243",2018,93.1,92.1,98,92.5
"E07000243",2019,97,93.8,102.9,95.8
"E07000243",2020,91.9,78.9,100.3,100.3
"E07000243",2021,91.7,82.4,98.2,98.4
"E07000143",2015,102,104.8,97.3,102.9
"E07000143",2016,103.8,107,98.2,104.4
"E07000143",2017,105.4,104.4,103.3,105.8
"E07000143",2018,102.3,98.4,102.1,105.4
"E07000143",2019,102.1,99.2,100.8,105.4
"E07000143",2020,104.2,105.9,98.7,106
"E07000143",2021,103.3,99.4,101.2,107.8
"E07000144",2015,116.5,106.4,115.2,120.1
"E07000144",2016,117.2,105.4,118.2,119.7
"E07000144",2017,121.8,114.9,120.5,119.5
"E07000144",2018,118.5,112.4,114.6,119.7
"E07000144",2019,118,105.4,117.9,122
"E07000144",2020,117.1,102.6,118.5,122
"E07000144",2021,117.1,104,115.9,123.3
"E07000145",2015,86.6,87.7,84.9,93.6
"E07000145",2016,87.3,86.1,88.6,93.2
"E07000145",2017,87.9,87.3,88.8,93.5
"E07000145",2018,90.9,91.3,92.7,93.1
"E07000145",2019,90.7,90.8,91.9,93.7
"E07000145",2020,89.9,86.5,89.7,98.3
"E07000145",2021,97.5,100.4,92.3,101.1
"E07000146",2015,98.7,100.2,98,98.4
"E07000146",2016,94.8,93.3,97.6,96
"E07000146",2017,98.9,101.4,96.5,99.2
"E07000146",2018,95.5,95.3,95.9,97.5
"E07000146",2019,97.8,92.9,100.4,101.1
"E07000146",2020,96.9,90.6,98.3,103.1
"E07000146",2021,97.5,93.7,94.4,105.6
"E07000147",2015,104.3,98.1,105.7,107
"E07000147",2016,106.6,102.2,108.1,106.2
"E07000147",2017,109.5,104.5,110.6,108.9
"E07000147",2018,110.6,107.4,110.6,108.7
"E07000147",2019,108.9,106.4,107.2,108.8
"E07000147",2020,106.8,99.9,107.7,109.5
"E07000147",2021,108.6,101.3,108.4,111.9
"E07000148",2015,87.4,87.5,97.2,83.6
"E07000148",2016,89.2,94,96.1,82.6
"E07000148",2017,87.7,87.2,99.3,82.5
"E07000148",2018,88.4,89.5,97.6,83.8
"E07000148",2019,88,87.4,98.4,84
"E07000148",2020,87.2,83,96.5,88.3
"E07000148",2021,88.2,83.5,96.4,90.5
"E07000149",2015,114.8,105.9,116.2,115.2
"E07000149",2016,116.4,111.1,116.1,114.1
"E07000149",2017,117,109.2,119.1,114.6
"E07000149",2018,115.4,104.7,119.9,114.2
"E07000149",2019,120.6,113.1,120.9,117.9
"E07000149",2020,114.5,101.1,117.9,117.6
"E07000149",2021,115.2,101.1,118.8,118.5
"E07000200",2015,107.4,105.6,108,105
"E07000200",2016,109.5,106.1,113,104.9
"E07000200",2017,113.5,109.6,119,105.4
"E07000200",2018,110.7,107.9,110.4,108.7
"E07000200",2019,114.6,114.6,112.7,109.5
"E07000200",2020,115.5,111,114.2,113.9
"E07000200",2021,114.1,103.9,116.8,114.8
"E07000202",2015,88.9,88.8,95.4,87.8
"E07000202",2016,93.4,96.4,97.8,89.3
"E07000202",2017,93.5,94.3,100.7,88.6
"E07000202",2018,92.1,95.1,98.1,86.8
"E07000202",2019,89.9,92.3,93.3,88.9
"E07000202",2020,89,83.3,93.7,95.2
"E07000202",2021,90.4,91.5,86.7,97.6
"E07000203",2015,112.9,114.6,113,104.8
"E07000203",2016,111.8,111.5,113,105.2
"E07000203",2017,114.2,114.2,116,105.7
"E07000203",2018,115.2,112.6,114.5,111.1
"E07000203",2019,117.7,111.9,117.7,115.2
"E07000203",2020,117.6,107.2,118.4,118.8
"E07000203",2021,119.8,112.2,116.6,121
"E07000244",2015,103.9,101.8,102.2,105.9
"E07000244",2016,104.9,103.8,103.8,104.7
"E07000244",2017,105.5,102.7,106.1,105
"E07000244",2018,106.2,101.1,107.2,107.3
"E07000244",2019,106.7,97.2,110.3,109.4
"E07000244",2020,110.3,99.4,112.8,113.9
"E07000244",2021,112.4,104.3,111.8,115.2
"E07000245",2015,108,107.3,104.8,108.1
"E07000245",2016,108.2,107.1,105.3,108.3
"E07000245",2017,110.8,112.3,108,106.8
"E07000245",2018,109.9,112.1,108.2,104.8
"E07000245",2019,108.6,107.8,106.7,107.2
"E07000245",2020,107.5,99,109.4,110.6
"E07000245",2021,109.1,104.7,105.6,112.5
"E09000002",2015,89,106.5,78.4,87.4
"E09000002",2016,90.8,107.5,81.4,88
"E09000002",2017,94.2,114.3,82.8,88.3
"E09000002",2018,92.1,110.9,81.6,87.5
"E09000002",2019,90.1,111.5,77,86.6
"E09000002",2020,92.3,110,82.6,87.9
"E09000002",2021,93.8,114.1,80.9,89.4
"E09000003",2015,106.9,118,101.3,98.1
"E09000003",2016,105.3,114.6,101.7,96.9
"E09000003",2017,106.7,117.9,102.3,96.7
"E09000003",2018,106.8,116,106,95.2
"E09000003",2019,107.3,118.2,104.6,95.7
"E09000003",2020,108.3,116.4,105.3,99.4
"E09000003",2021,108.8,119.5,103.9,98.8
"E09000004",2015,103.4,105.5,99.7,103.3
"E09000004",2016,104.6,106.9,101.9,102.7
"E09000004",2017,102.5,104.9,100.3,101.2
"E09000004",2018,105.3,106.7,105,101.7
"E09000004",2019,102.9,106.3,99.7,101.4
"E09000004",2020,102.5,104.7,97.1,104.5
"E09000004",2021,100.8,100.4,96.1,105.6
"E09000005",2015,99.6,117.6,91.6,89.8
"E09000005",2016,101.9,122.6,92.6,89.6
"E09000005",2017,100.5,122.9,88.6,89.8
"E09000005",2018,101.9,126.8,87.9,90
"E09000005",2019,103.7,127,90.5,92
"E09000005",2020,98.3,110.4,92.5,92.8
"E09000005",2021,102,120.3,91.9,92.9
"E09000006",2015,109.3,113.4,110.1,100.1
"E09000006",2016,109.5,111.7,111.2,101
"E09000006",2017,109.5,109.8,113.8,100.4
"E09000006",2018,109.1,111.2,112.5,99.2
"E09000006",2019,111.4,116.9,110.5,101.4
"E09000006",2020,112.6,115.1,113.8,102.8
"E09000006",2021,111.9,114,112,103.8
"E09000007",2015,91,101.4,96.2,79.7
"E09000007",2016,93.5,107.1,96.9,79.6
"E09000007",2017,90.2,101.3,97.8,76.2
"E09000007",2018,92.6,107.1,97.5,76.8
"E09000007",2019,91.7,102,99.7,77.3
"E09000007",2020,90.4,98.9,95.5,81.4
"E09000007",2021,95.7,111.5,96.6,81.1
"E09000008",2015,97.8,108.1,92.4,93.9
"E09000008",2016,99,110.9,94.4,92.2
"E09000008",2017,98.5,108.6,94.7,92.9
"E09000008",2018,100,111.6,94,94.4
"E09000008",2019,100.4,112.5,94.5,94
"E09000008",2020,98.5,108.7,93,94.5
"E09000008",2021,98.6,108,92.9,95.4
"E09000009",2015,103.2,118.6,96.2,93.3
"E09000009",2016,101.8,114.4,97.6,92.5
"E09000009",2017,102.6,118.4,95.9,92.2
"E09000009",2018,104.9,120.5,99.5,92.3
"E09000009",2019,105.4,124.3,96.5,92.8
"E09000009",2020,103,117.4,96,94.1
"E09000009",2021,107.1,126.8,96.4,94.7
"E09000010",2015,97.7,109.8,88.8,95.4
"E09000010",2016,98,109.9,91.2,93.9
"E09000010",2017,98.1,113.1,90.1,91.9
"E09000010",2018,98,111.8,92,91.1
"E09000010",2019,98,109.5,93.5,92
"E09000010",2020,94.8,101.8,90.7,94.4
"E09000010",2021,96.2,108.6,86.7,95
"E09000011",2015,89.8,97.1,89.6,87.6
"E09000011",2016,92.2,102.6,91.1,86.6
"E09000011",2017,93.3,102.7,93.8,86.7
"E09000011",2018,94.6,105.3,95,86
"E09000011",2019,93.8,104.3,94.6,85.5
"E09000011",2020,93.4,101.6,93.3,88.5
"E09000011",2021,90.5,96.9,90.3,88.9
"E09000012",2015,88.7,102.4,91.1,77.9
"E09000012",2016,88.1,101.5,92.1,76.5
"E09000012",2017,91,106.8,93.1,77.4
"E09000012",2018,91.5,109.4,93.1,76
"E09000012",2019,91.4,111.1,90.1,77
"E09000012",2020,89.9,101.4,96.5,76.8
"E09000012",2021,90.5,109.9,87.5,78.6
"E09000013",2015,96.2,108.2,92.9,89.4
"E09000013",2016,97.4,109.5,97.7,86.2
"E09000013",2017,96,106.7,97.9,85.4
"E09000013",2018,96.8,113.9,94.7,83.4
"E09000013",2019,96.6,104.9,100.7,85.9
"E09000013",2020,99.5,106.4,103.5,88.9
"E09000013",2021,98.4,104.4,101.8,89.9
"E09000014",2015,93.9,104.1,93,87.6
"E09000014",2016,95.7,107.6,95.1,86.6
"E09000014",2017,96.4,107.1,98.2,85.8
"E09000014",2018,97.4,111.8,95.7,85.9
"E09000014",2019,97.5,110.4,96.3,87
"E09000014",2020,97.3,105.9,98.5,88.7
"E09000014",2021,98.5,110,96.8,89.3
"E09000015",2015,110.4,119.6,103.9,102.7
"E09000015",2016,111.3,121.7,105.7,101.1
"E09000015",2017,108.9,120.4,99.3,102.7
"E09000015",2018,109.6,120.8,102.8,100.7
"E09000015",2019,107.5,116.7,102.9,99.3
"E09000015",2020,107.2,116.6,99.7,101.8
"E09000015",2021,110.3,121.5,101.3,103.2
"E09000016",2015,104,114.1,94.6,101.3
"E09000016",2016,104.5,111.2,99,101
"E09000016",2017,104.2,112.5,98.2,100
"E09000016",2018,103.5,111.8,96.3,100.8
"E09000016",2019,105.2,112.4,101.1,99.7
"E09000016",2020,107,113.8,100.1,103.8
"E09000016",2021,104.4,106.9,99.5,104.6
"E09000017",2015,100.1,109.7,94.1,96.4
"E09000017",2016,101.5,113.1,94,96.8
"E09000017",2017,103.1,114.6,97.8,95.5
"E09000017",2018,102.3,114.7,95.7,95.5
"E09000017",2019,102.5,113.9,97.3,95.2
"E09000017",2020,100.2,109.1,93.3,98
"E09000017",2021,103.3,116,94,98.3
"E09000018",2015,97.4,114.7,90.6,88.2
"E09000018",2016,98.1,118.3,90,86.8
"E09000018",2017,96.3,111.4,93.5,85.8
"E09000018",2018,99.4,117.5,93.9,87
"E09000018",2019,99.6,116.4,94.3,88.3
"E09000018",2020,99.1,112.7,95.4,89.8
"E09000018",2021,101.3,118.8,93.8,90.7
"E09000019",2015,91.2,98.8,98.1,80.9
"E09000019",2016,94.3,103.1,101.4,81.2
"E09000019",2017,91.5,102.8,95.3,80.5
"E09000019",2018,94.3,105.7,99.5,80.5
"E09000019",2019,92.8,101.8,99.1,81
"E09000019",2020,91.9,97.2,98.8,83.5
"E09000019",2021,96.2,106.7,98.6,85.2
"E09000020",2015,101.5,120.2,93.3,90.3
"E09000020",2016,99,115.1,92.1,90.3
"E09000020",2017,98,108.8,97.8,88.5
"E09000020",2018,98.4,110.7,97.4,88
"E09000020",2019,98.6,111.8,96.4,88.3
"E09000020",2020,102.3,116.7,98.3,90.8
"E09000020",2021,101.6,115,95.8,93.1
"E09000021",2015,108.6,109,108.5,104.3
"E09000021",2016,109.9,110.1,111.9,103
"E09000021",2017,109,108.1,111.5,102.9
"E09000021",2018,109.5,109.2,115.7,99.1
"E09000021",2019,110.5,107.1,115.4,104.1
"E09000021",2020,111.3,104.9,116.8,106.7
"E09000021",2021,110.9,109,110.9,107.7
"E09000022",2015,90.1,100.5,90.1,84.5
"E09000022",2016,92.3,102.6,93.8,84.3
"E09000022",2017,93.2,102.7,95.2,85
"E09000022",2018,91.9,101.9,95.2,82.6
"E09000022",2019,95.8,108.1,97.5,83.7
"E09000022",2020,93.7,101.5,97.7,85
"E09000022",2021,93.3,101.5,95,86.5
"E09000023",2015,96.5,105.6,95.3,90.2
"E09000023",2016,96.5,105.4,97.6,88.1
"E09000023",2017,96.6,106,95.2,90.4
"E09000023",2018,99.8,108.3,101.9,89.5
"E09000023",2019,98.5,107.8,99.8,88.6
"E09000023",2020,96.9,102.8,98.4,90.9
"E09000023",2021,99.1,106.5,99,92.2
"E09000024",2015,105.1,109.9,103,100
"E09000024",2016,104.7,108.4,105.2,98.2
"E09000024",2017,104.6,108.5,103.9,99.1
"E09000024",2018,105,110.4,103.9,98.3
"E09000024",2019,109.5,118.9,104.9,100.2
"E09000024",2020,105.7,108.7,104.9,100.8
"E09000024",2021,107.1,110.8,104.5,102.5
"E09000025",2015,91.8,112.4,82.7,84.4
"E09000025",2016,92.1,112.8,84.5,82.7
"E09000025",2017,92.2,110.8,88.1,81.5
"E09000025",2018,92.4,116.1,84.1,80.6
"E09000025",2019,93.9,116.8,85.5,82.2
"E09000025",2020,93.4,116.9,81.8,84.7
"E09000025",2021,93.7,119.5,79.2,85.5
"E09000026",2015,104.3,119.1,95.5,96.1
"E09000026",2016,105.1,117.9,99.9,95
"E09000026",2017,101.9,116.1,95.5,93.2
"E09000026",2018,103.7,119,96.9,93.5
"E09000026",2019,104.9,121.5,96.6,94.4
"E09000026",2020,101.8,116,93.4,95.1
"E09000026",2021,100.4,112.1,93.7,95.2
"E09000027",2015,120.6,124.8,115,112.2
"E09000027",2016,118.4,120.6,114.7,111
"E09000027",2017,119.2,119.2,119.9,109.3
"E09000027",2018,120.9,120.6,122.6,109.3
"E09000027",2019,121.9,120,121,114.1
"E09000027",2020,119.2,113.2,121.6,113.5
"E09000027",2021,118.5,114.2,118.5,114.1
"E09000028",2015,86.8,95.3,94.3,77
"E09000028",2016,88.1,97.8,96.5,75.7
"E09000028",2017,87.7,97.9,94.9,76.1
"E09000028",2018,87.2,96.7,96.4,74.7
"E09000028",2019,86.5,94.9,95.4,75.8
"E09000028",2020,85.7,89.7,96,78.2
"E09000028",2021,86.4,90.1,95.6,80
"E09000029",2015,107.8,105.6,108.5,105.7
"E09000029",2016,110.1,111.4,109.4,104.7
"E09000029",2017,109.8,115,105.4,104.2
"E09000029",2018,109,115,104.5,103.2
"E09000029",2019,106.6,105.8,109.1,101.7
"E09000029",2020,108.4,105.7,109.9,105.6
"E09000029",2021,106.7,105.6,105.1,106.2
"E09000030",2015,84.7,97,91.4,73.1
"E09000030",2016,87.9,103.2,93.9,72.4
"E09000030",2017,86.6,100.9,93.3,72.1
"E09000030",2018,88.7,104.3,94.2,73.1
"E09000030",2019,92,109.3,96.4,73.9
"E09000030",2020,87.8,102.3,93.4,73.4
"E09000030",2021,91.1,114.3,88.3,74.9
"E09000031",2015,98.4,112.9,93.1,90
"E09000031",2016,100.2,118.6,92.9,88.9
"E09000031",2017,101.7,116.8,98.1,89.4
"E09000031",2018,100,113.6,95.7,90.8
"E09000031",2019,99.4,110.6,97.4,90.5
"E09000031",2020,100.6,113.6,96.2,91.6
"E09000031",2021,104.3,119.9,97.3,93.6
"E09000032",2015,99.9,105.3,103.5,91
"E09000032",2016,102.3,109.3,105.7,90.7
"E09000032",2017,102.4,108.1,107.5,90.5
"E09000032",2018,103.5,110.9,107.7,90.4
"E09000032",2019,104.2,108.8,110.2,91.7
"E09000032",2020,101.5,103.3,109.1,91.5
"E09000032",2021,104.1,109.3,107.8,93.1
"E09000033",2015,88.9,109.2,90.6,72.2
"E09000033",2016,90.9,111.8,93.2,72
"E09000033",2017,91.6,113.2,94.3,71.3
"E09000033",2018,92.8,114.9,97.2,69.6
"E09000033",2019,91.2,111.1,95.6,71.1
"E09000033",2020,93.7,112.2,92.9,78.9
"E09000033",2021,96.9,114.7,96.5,80.8
"E06000035",2015,95.3,94.9,95,98.3
"E06000035",2016,97.4,97.1,99.4,97
"E06000035",2017,97,99.8,97.9,94.7
"E06000035",2018,97.7,100.6,98.3,95.4
"E06000035",2019,97.6,100.9,97.4,95.7
"E06000035",2020,96.1,95.2,97.4,97.6
"E06000035",2021,92.4,91.4,90,99.4
"E06000036",2015,112,106,112.9,111.3
"E06000036",2016,113.2,110.4,114.6,108.2
"E06000036",2017,113.5,110.5,114.1,109.6
"E06000036",2018,112.4,107.6,115.2,108.4
"E06000036",2019,112.7,107.7,116.5,107.9
"E06000036",2020,111.3,102.2,116.1,110.1
"E06000036",2021,109.2,100.9,111.2,111.2
"E06000037",2015,113.3,109.8,113.8,109.8
"E06000037",2016,113.7,109.2,117.7,107.8
"E06000037",2017,112.7,107.3,115.7,109.2
"E06000037",2018,113.4,110.4,117.1,106.3
"E06000037",2019,112.8,107.3,114.9,110.1
"E06000037",2020,113.5,101,119.9,113.1
"E06000037",2021,114.2,104.8,116,114.9
"E06000038",2015,96.8,99.6,98.1,94.2
"E06000038",2016,95.4,97.9,99.1,91.5
"E06000038",2017,97.2,99.9,101.2,91.8
"E06000038",2018,95.6,98.5,99.8,90.7
"E06000038",2019,98.4,103.5,99.3,93
"E06000038",2020,93.8,92,98.5,93.9
"E06000038",2021,94.4,92.9,97.7,95.3
"E06000039",2015,90.2,94.2,92.3,88.7
"E06000039",2016,91.5,100,91.9,86.7
"E06000039",2017,92.1,101.2,90.7,88.1
"E06000039",2018,89.8,98.5,88.7,87
"E06000039",2019,90.4,100.6,89.3,85.9
"E06000039",2020,92.4,101.8,91.5,87.6
"E06000039",2021,90.9,101.7,87.5,87.8
"E06000040",2015,115.9,116.6,116.7,106.8
"E06000040",2016,114.5,113.3,117.3,106
"E06000040",2017,114.5,113,117,106.5
"E06000040",2018,112.6,111,115.8,104.9
"E06000040",2019,116.4,115.1,118.3,108
"E06000040",2020,114.1,112.7,113.5,109.3
"E06000040",2021,115.1,111.9,116.4,109.8
"E06000041",2015,120,109.7,123.4,117.2
"E06000041",2016,120,112.2,124.2,114
"E06000041",2017,120.2,111.3,124.2,115.4
"E06000041",2018,121.8,115.1,125,114.9
"E06000041",2019,121.2,111.6,124.4,117.6
"E06000041",2020,118.3,106.5,121.3,118.4
"E06000041",2021,118.9,109.6,118.2,119.8
"E06000042",2015,96,100.7,98.9,90.4
"E06000042",2016,98.4,104.4,101.5,90
"E06000042",2017,98,104.9,101.5,88.6
"E06000042",2018,97.8,104.4,101.8,88.3
"E06000042",2019,95.3,98.2,101.4,88.5
"E06000042",2020,97.9,97.6,102.5,94.7
"E06000042",2021,97.1,95.6,101.5,95.6
"E06000043",2015,95.2,85,106.3,96.6
"E06000043",2016,96.7,87.6,109,94.9
"E06000043",2017,99.1,90.3,112.9,94.6
"E06000043",2018,98.7,89.2,112.1,95.5
"E06000043",2019,100.5,92.7,112.5,96.1
"E06000043",2020,98.6,88.4,108.8,99.2
"E06000043",2021,98.6,91.6,104.1,100.7
"E06000044",2015,89.1,91.5,93.6,87.4
"E06000044",2016,87.7,89.6,94.8,84.7
"E06000044",2017,86.6,85.3,95.7,85.2
"E06000044",2018,87.1,86.1,94.8,86.6
"E06000044",2019,87,88,92,87.2
"E06000044",2020,85.4,85.7,90.3,87.2
"E06000044",2021,83.8,81.5,88.8,88.8
"E06000045",2015,86.2,88.2,93.2,83.8
"E06000045",2016,86,87.3,95.2,82.1
"E06000045",2017,86.4,89.4,93.3,83.2
"E06000045",2018,84.6,85.4,94.4,81.5
"E06000045",2019,85.8,85.6,94.5,84.1
"E06000045",2020,84,86.8,86.8,85.9
"E06000045",2021,86.6,89.1,90.7,86.4
"E06000046",2015,99.9,97.9,99.5,102.2
"E06000046",2016,98.7,97.6,99.3,99.7
"E06000046",2017,100,97.2,102.4,100.4
"E06000046",2018,100.3,97.1,103.7,100
"E06000046",2019,100.2,93.1,103.9,103.4
"E06000046",2020,101.8,94.4,103.4,106.9
"E06000046",2021,98.1,81.3,105.8,108.2
"E06000060",2015,111.8,109.3,114,106.4
"E06000060",2016,111.8,110.6,114.3,104.8
"E06000060",2017,112.8,110.5,116.4,105.3
"E06000060",2018,112.6,111.3,115.5,105.1
"E06000060",2019,112.8,109.4,116.3,106.6
"E06000060",2020,110.1,101.8,114.7,108.8
"E06000060",2021,112.7,107.3,115.2,109.7
"E07000061",2015,95.8,95.6,96.3,97.4
"E07000061",2016,96.2,94.3,100.9,95.4
"E07000061",2017,96.5,96.6,101.4,93.2
"E07000061",2018,93.9,91,98.1,95.7
"E07000061",2019,93.7,86.8,101.2,96.2
"E07000061",2020,94.3,84.8,101.9,98.9
"E07000061",2021,96.4,87.6,102.9,100.4
"E07000062",2015,91.1,91.3,95.6,90.8
"E07000062",2016,90.3,87.7,97.4,90.5
"E07000062",2017,88.5,89,90.6,91.4
"E07000062",2018,88.9,86.3,94.7,91
"E07000062",2019,90.5,88.5,95.4,92.2
"E07000062",2020,88.6,84.3,92.6,94.3
"E07000062",2021,91.9,91.8,92.6,95.1
"E07000063",2015,107,98.7,111,107.9
"E07000063",2016,107.4,99.3,111.4,107.8
"E07000063",2017,106.6,95.8,111.7,109.2
"E07000063",2018,104.7,98.1,107.2,106.7
"E07000063",2019,106.4,95,113,108.1
"E07000063",2020,107.8,102.4,107.1,110.2
"E07000063",2021,109,101.4,108.3,113.1
"E07000064",2015,106.8,107.3,104.9,105.1
"E07000064",2016,106.9,105.1,108.2,104
"E07000064",2017,105,103.7,105.8,103
"E07000064",2018,105.7,104.5,108.7,101
"E07000064",2019,103,98,107.9,101.7
"E07000064",2020,104.3,95.7,107.1,107.9
"E07000064",2021,108.3,104.7,106.6,109.7
"E07000065",2015,118,110.7,117.3,117.4
"E07000065",2016,116.6,109.8,117.6,114.4
"E07000065",2017,116.9,110.7,117.6,114.1
"E07000065",2018,116.8,112.6,115.5,114.1
"E07000065",2019,114.7,106.3,115,115.7
"E07000065",2020,113,100,115.5,117.2
"E07000065",2021,116.3,108.2,114,118.7
"E07000084",2015,106.2,103.8,107.4,104.4
"E07000084",2016,107.2,108.1,107.1,103.1
"E07000084",2017,109.6,110,108.2,105.9
"E07000084",2018,106.8,103.6,107.3,106.3
"E07000084",2019,106.9,99.9,109.9,107.7
"E07000084",2020,107.1,92.9,112.5,112.3
"E07000084",2021,106.7,93.8,111.4,111.7
"E07000085",2015,113.6,108.5,114,111.9
"E07000085",2016,114.1,110.2,117.1,108.1
"E07000085",2017,116.2,114.5,116.5,109.9
"E07000085",2018,116,115.1,115.2,109.9
"E07000085",2019,119.7,114.1,120,115.4
"E07000085",2020,118.5,111.2,118.3,117
"E07000085",2021,117.1,105.6,119.7,117.9
"E07000086",2015,112.4,110.8,108.6,112
"E07000086",2016,112.3,112.9,109.3,108.8
"E07000086",2017,115.4,113.1,117.3,108.4
"E07000086",2018,109.2,100,114.5,108.6
"E07000086",2019,111.4,102.8,116.2,109.7
"E07000086",2020,111.7,101.6,113.5,114.5
"E07000086",2021,114.7,109.2,113.7,114.2
"E07000087",2015,114.2,110.3,114.7,110.7
"E07000087",2016,114.2,113.7,115.1,107
"E07000087",2017,116.4,112.9,118.1,110.3
"E07000087",2018,117.7,118.1,116.9,109.6
"E07000087",2019,113,101.6,115.5,115.7
"E07000087",2020,114.1,103.3,114.7,117.7
"E07000087",2021,116.1,109.1,112.9,118.6
"E07000088",2015,98.7,97.5,98.2,100.9
"E07000088",2016,96.6,92.4,99.9,99
"E07000088",2017,94.8,89.8,97.7,99.4
"E07000088",2018,94.7,87.6,98.4,100.8
"E07000088",2019,90,78.8,95.5,100.5
"E07000088",2020,92.4,81.2,96.5,103.2
"E07000088",2021,91.7,79.3,95.2,104.6
"E07000089",2015,118.7,113.1,118.2,115.9
"E07000089",2016,119.6,117.3,118.5,113.7
"E07000089",2017,116.6,106.6,120,115.2
"E07000089",2018,121.1,116,122,115.3
"E07000089",2019,122.4,109.9,125.1,121.5
"E07000089",2020,125.1,113.1,130.7,119.5
"E07000089",2021,122.9,108.4,128,121.2
"E07000090",2015,98.4,100.7,97.1,98.3
"E07000090",2016,99,101.5,99.4,96.7
"E07000090",2017,95.9,93.7,99,96.9
"E07000090",2018,98.3,100.4,100.1,95.3
"E07000090",2019,98.7,98.6,97.7,100.5
"E07000090",2020,93.9,82.3,99.3,103
"E07000090",2021,98.6,91.9,99.3,105.3
"E07000091",2015,110.1,104,109.7,111.9
"E07000091",2016,110.7,108.1,110.8,108
"E07000091",2017,112.6,111.5,110.2,110
"E07000091",2018,111.7,110.6,109.6,109.2
"E07000091",2019,112.8,105.4,112.8,114.1
"E07000091",2020,109.8,98.9,112.9,112.8
"E07000091",2021,110.5,103.8,107.6,115
"E07000092",2015,100.1,100.5,96.4,103.4
"E07000092",2016,103.3,106.7,99.7,102
"E07000092",2017,107.3,117.5,97.1,103.8
"E07000092",2018,102.6,106.9,96,103.7
"E07000092",2019,103.5,103.8,98.9,106.2
"E07000092",2020,105.4,102.8,103.6,107.3
"E07000092",2021,105.6,99.4,103.8,111
"E07000093",2015,107.9,102.6,110.2,107.2
"E07000093",2016,108.6,106.1,109.6,106.1
"E07000093",2017,109.7,100.6,117.8,106
"E07000093",2018,110.5,107.6,114.5,104.3
"E07000093",2019,111.5,106,113.1,109.8
"E07000093",2020,110.5,95.5,117.3,113.5
"E07000093",2021,113.5,104.9,114.9,114.1
"E07000094",2015,117.9,119.4,117.8,108
"E07000094",2016,115.4,115,120.6,103.3
"E07000094",2017,116.8,113.3,121.1,107.9
"E07000094",2018,114.5,112.2,119.2,105.2
"E07000094",2019,110.9,98.7,123.4,105.4
"E07000094",2020,113.7,97.2,125.5,111.7
"E07000094",2021,119.1,109.4,123.8,114.9
"E07000105",2015,99.2,103.4,99.5,95.2
"E07000105",2016,100.6,107.1,100.9,93.5
"E07000105",2017,99.5,103.4,104.2,91.2
"E07000105",2018,100.9,106.5,106.8,89.1
"E07000105",2019,100.4,105.1,103.9,92
"E07000105",2020,98.4,94.8,101.7,99.4
"E07000105",2021,96.4,91.9,99.7,99.4
"E07000106",2015,96.5,93.5,101.8,95.8
"E07000106",2016,98.8,94.1,108.5,94.4
"E07000106",2017,98.9,93.3,110.3,93.5
"E07000106",2018,96.9,89.7,110.6,92
"E07000106",2019,96.7,87.4,110.8,93.4
"E07000106",2020,98.3,88,108.6,99.1
"E07000106",2021,96.5,87.3,103.2,100.7
"E07000107",2015,92.4,92.2,96,92.7
"E07000107",2016,93,93.4,98,90.9
"E07000107",2017,97,101.2,99.7,91.6
"E07000107",2018,99.1,104.1,102.6,91
"E07000107",2019,96.4,101.6,97.4,91.9
"E07000107",2020,98.2,106,96,93.5
"E07000107",2021,98.5,107.2,96,93
"E07000108",2015,97,94.8,99.3,98.4
"E07000108",2016,100.7,104.4,99.8,97.5
"E07000108",2017,100.9,104.3,101.7,96.2
"E07000108",2018,100.8,103,102.1,96.9
"E07000108",2019,99.5,102.2,99.8,96.8
"E07000108",2020,95,86.5,100.1,100.9
"E07000108",2021,98.8,95,100.1,101.9
"E07000109",2015,93.1,90,93.8,98.8
"E07000109",2016,97.6,100.5,99.3,94.1
"E07000109",2017,97.7,105.8,93.1,95.2
"E07000109",2018,97.3,101.1,96.9,95.3
"E07000109",2019,95.3,97.4,96.1,94.7
"E07000109",2020,94.3,94.4,92.8,98.6
"E07000109",2021,95.1,90.9,95.8,101
"E07000110",2015,103.6,104.1,107.9,97.1
"E07000110",2016,103.6,105.5,108.4,95
"E07000110",2017,103.6,108,106.3,94.8
"E07000110",2018,104.2,104.1,110.8,95.6
"E07000110",2019,101.7,100.1,106.2,98
"E07000110",2020,101.6,97.5,105.8,100.7
"E07000110",2021,102.8,95.9,109,102.2
"E07000111",2015,114.7,116.8,112.1,108.2
"E07000111",2016,114.4,115.2,114.7,106.5
"E07000111",2017,110.9,111.1,111,105.5
"E07000111",2018,114.6,116.1,115.7,105
"E07000111",2019,112.6,111.4,115.2,105.1
"E07000111",2020,111.2,111.6,111.2,105.4
"E07000111",2021,113.2,111.1,115.3,106.8
"E07000112",2015,98.1,100,96.2,99
"E07000112",2016,99.9,104.5,98.9,96.4
"E07000112",2017,98.4,98.3,100.8,96.9
"E07000112",2018,102.5,109.9,102.1,94.4
"E07000112",2019,98.8,98.8,100.8,97.5
"E07000112",2020,100.9,100.7,100.8,100.9
"E07000112",2021,97.2,93.7,97.5,101.7
"E07000113",2015,94.5,97.2,95.5,93.5
"E07000113",2016,94.5,95.5,97.9,92.7
"E07000113",2017,95.5,100.2,97.4,91.2
"E07000113",2018,92.8,94.2,100.4,87.3
"E07000113",2019,91.9,96,94.9,88.8
"E07000113",2020,93.1,95.1,94.1,93.3
"E07000113",2021,94,96.5,92.2,96.1
"E07000114",2015,87.9,87.8,86.7,95
"E07000114",2016,91.1,92.5,92.4,92.7
"E07000114",2017,89.2,89.1,91.9,91.7
"E07000114",2018,86.5,83.8,90.3,91.9
"E07000114",2019,81.1,71.6,90.2,90.7
"E07000114",2020,83.8,73.6,90.7,94.8
"E07000114",2021,88.4,83.5,91.4,95.9
"E07000115",2015,110.5,106.6,110.6,109.2
"E07000115",2016,109,102.4,114,106.3
"E07000115",2017,111,106.9,115.4,105.4
"E07000115",2018,113.1,109.4,118.5,105.1
"E07000115",2019,112.8,107.4,116.9,107.9
"E07000115",2020,107.3,96.5,111.7,110.4
"E07000115",2021,107.6,93.6,112.5,113.1
"E07000116",2015,112.4,112.8,110.5,108.1
"E07000116",2016,112.7,112.7,111.9,107.4
"E07000116",2017,114.8,116.8,114.4,106
"E07000116",2018,113.9,114,118.7,102.3
"E07000116",2019,113.1,105.9,121.1,105.9
"E07000116",2020,115.4,112.2,115.6,111.1
"E07000116",2021,114.2,111.1,114.7,110.1
"E07000177",2015,103.7,103,106.3,100.2
"E07000177",2016,103.3,102.1,110,96.3
"E07000177",2017,106,106.6,110,98.5
"E07000177",2018,107.3,109.5,109.1,99.7
"E07000177",2019,106.3,101.5,112.5,101.9
"E07000177",2020,104,100.3,106,103.7
"E07000177",2021,106.2,103.9,106.3,105.3
"E07000178",2015,98.9,99.6,105.7,91.8
"E07000178",2016,96.4,95.7,105.8,89.4
"E07000178",2017,98,99.2,105.6,90.2
"E07000178",2018,98.7,102,105.4,89.5
"E07000178",2019,99.4,100.9,107.4,90.3
"E07000178",2020,99.5,98.2,107.9,92.8
"E07000178",2021,101.4,102.4,108.3,92.8
"E07000179",2015,118.9,111.9,118.4,117.3
"E07000179",2016,119.2,112.4,121.4,114.7
"E07000179",2017,118.5,114.1,118.3,114.3
"E07000179",2018,121,117.2,121.3,114.5
"E07000179",2019,122.7,117.3,122,117.8
"E07000179",2020,121.7,114.8,121.2,118.6
"E07000179",2021,120.2,114.3,117.3,119.4
"E07000180",2015,112.8,102.9,115.3,114.1
"E07000180",2016,114.2,105.3,116.8,113.7
"E07000180",2017,115.8,106.1,119.9,113.7
"E07000180",2018,114.1,103.7,119.8,111.9
"E07000180",2019,117.1,110.8,117.6,114.6
"E07000180",2020,116.8,104.5,120.6,117.2
"E07000180",2021,116.4,108.5,115.6,117.2
"E07000181",2015,116.5,113.1,114.3,114.1
"E07000181",2016,114.6,107.5,114.6,114.7
"E07000181",2017,116,106.9,120,113.5
"E07000181",2018,115.3,109.1,116.3,113.2
"E07000181",2019,115.3,107.4,115.7,115.5
"E07000181",2020,114.2,102.3,119.3,114.2
"E07000181",2021,119.8,112.9,120.6,116.2
"E07000207",2015,115.8,110.6,112.5,116.8
"E07000207",2016,115.8,112.2,112.1,115.6
"E07000207",2017,120.7,115.1,121.3,115.6
"E07000207",2018,123.2,123.7,119,115.8
"E07000207",2019,122.3,115.9,122.1,118.3
"E07000207",2020,119.9,110,120.1,120
"E07000207",2021,124.1,116.3,122.1,122.3
"E07000208",2015,114.2,106.7,119,110
"E07000208",2016,116.4,110.9,122.3,108.1
"E07000208",2017,118.2,113.7,125.5,106.7
"E07000208",2018,113.6,105.8,122.3,106.2
"E07000208",2019,117.4,112.6,119.6,111.7
"E07000208",2020,109.4,93.9,115.5,114.2
"E07000208",2021,111.3,95.3,119,114.2
"E07000209",2015,111.3,109.4,111.6,107.5
"E07000209",2016,110.2,107.3,114.1,104.4
"E07000209",2017,114.2,109.5,119.4,106.8
"E07000209",2018,113.3,113.3,116,104.2
"E07000209",2019,114.1,107,118.5,110
"E07000209",2020,108.3,97.2,114.3,109.3
"E07000209",2021,111.6,103.1,116,110.2
"E07000210",2015,117.5,111.3,118.9,113.9
"E07000210",2016,119.3,117.1,119.1,112.4
"E07000210",2017,116.8,106.7,121.4,114.2
"E07000210",2018,119.1,119.6,116.8,111.8
"E07000210",2019,121.5,117.7,120.1,116.4
"E07000210",2020,114,103.2,114.7,117.5
"E07000210",2021,117.1,110.2,115,117.8
"E07000211",2015,110.5,110.2,107.7,108.4
"E07000211",2016,106.4,99.9,107.5,108.9
"E07000211",2017,108.8,103.1,110.8,108.3
"E07000211",2018,111.6,109.1,113.2,106.9
"E07000211",2019,113.2,107,115.8,110.3
"E07000211",2020,110,101.2,111.8,112
"E07000211",2021,112.2,104.8,113.2,112.8
"E07000212",2015,104.5,101.6,101.8,107.9
"E07000212",2016,109,113.2,103.7,105.7
"E07000212",2017,109.4,108.5,108.9,106.3
"E07000212",2018,112,114.8,109.5,105.9
"E07000212",2019,113.5,111.2,113.3,109.5
"E07000212",2020,112,115.2,105.5,109.5
"E07000212",2021,106.5,102.8,106.3,107.4
"E07000213",2015,105.1,105,100.8,107
"E07000213",2016,104.3,107.5,99,104.4
"E07000213",2017,110.3,113.8,106.5,105.5
"E07000213",2018,109.7,111.5,107.1,105.9
"E07000213",2019,110.9,115.7,105,106.7
"E07000213",2020,104.3,99.8,103.7,107.4
"E07000213",2021,104.9,101,103.7,107.8
"E07000214",2015,109.9,97.9,111.7,115.4
"E07000214",2016,110,100.7,110.5,114
"E07000214",2017,116.3,110.1,115.4,115.7
"E07000214",2018,109.2,94.4,115.9,112.8
"E07000214",2019,112.5,99,116.4,115.9
"E07000214",2020,113.4,102.5,116.3,115
"E07000214",2021,122.3,119,120.1,117.1
"E07000215",2015,113.1,113.4,108,111.7
"E07000215",2016,113.1,114.7,107,111.3
"E07000215",2017,116.4,114.8,117,109.6
"E07000215",2018,113.6,110.8,111.2,112.2
"E07000215",2019,113.1,105.1,114.8,113.2
"E07000215",2020,113.3,107.8,111.7,114.1
"E07000215",2021,118,113.2,116.9,115.4
"E07000216",2015,120.5,108,122.5,121.3
"E07000216",2016,124.6,119,122.7,120.3
"E07000216",2017,123.8,114.4,124.6,121
"E07000216",2018,126.2,116.8,128.5,120.7
"E07000216",2019,125.3,113.9,126.7,123.3
"E07000216",2020,119,99.3,127.5,121.1
"E07000216",2021,123.1,105.9,129.4,122.9
"E07000217",2015,110.2,107.4,110.2,108.2
"E07000217",2016,114.2,117.6,108.9,109.2
"E07000217",2017,113.5,113.5,114.2,106.4
"E07000217",2018,116.7,121.3,113.4,107.3
"E07000217",2019,113.6,111.4,113.7,109.2
"E07000217",2020,114.1,116,110.5,109.1
"E07000217",2021,113.2,109.2,114.3,109.7
"E07000223",2015,101.4,92.1,102.8,108.5
"E07000223",2016,99.2,86.1,104.3,107.6
"E07000223",2017,105.4,98.2,107.8,107.6
"E07000223",2018,102.7,89.6,108.1,109
"E07000223",2019,105.4,95.2,110.8,107.5
"E07000223",2020,105.3,94.3,111.2,107.9
"E07000223",2021,102.3,90.5,107.7,107.7
"E07000224",2015,102.7,96.9,103.3,106.6
"E07000224",2016,99.2,90.6,104.4,102.9
"E07000224",2017,104.3,100.8,104.8,105.2
"E07000224",2018,103.2,99.8,102.3,105.9
"E07000224",2019,103.8,96.6,108.6,104.5
"E07000224",2020,102.5,95.3,104.4,106.7
"E07000224",2021,105,98.6,105.9,108.1
"E07000225",2015,107.9,99.1,113.4,107.3
"E07000225",2016,109.3,107.4,113.2,102.9
"E07000225",2017,112,107.1,116.8,106.5
"E07000225",2018,112.3,111.8,115.3,104
"E07000225",2019,107.6,99,115.5,104.5
"E07000225",2020,100.2,84.2,108.4,108
"E07000225",2021,107.7,95,115.1,109.3
"E07000226",2015,95.3,98.7,92.6,97
"E07000226",2016,96.5,100.7,95.7,94.9
"E07000226",2017,99.6,104.1,99.9,95
"E07000226",2018,100,106.2,100.1,93.5
"E07000226",2019,101.1,108,99.9,94.8
"E07000226",2020,96.4,95.9,96.6,98.5
"E07000226",2021,98.6,100.9,95,100.5
"E07000227",2015,118.3,112.6,119.1,114.4
"E07000227",2016,116.3,104.6,123.6,112.8
"E07000227",2017,114.7,102.7,120.9,113.4
"E07000227",2018,119.7,116.1,120.2,113.4
"E07000227",2019,120.5,114.8,120.3,116.6
"E07000227",2020,117.7,104.5,122.5,117.6
"E07000227",2021,121.9,113.2,122.9,119.1
"E07000228",2015,119.6,112.6,116.8,120
"E07000228",2016,120.8,114.8,120.6,116.9
"E07000228",2017,119.4,109.9,119.7,119.2
"E07000228",2018,120.4,111.4,120.9,119
"E07000228",2019,119.2,104,123.3,121
"E07000228",2020,120.5,108.4,122.2,121.2
"E07000228",2021,120.4,104.3,124,123.1
"E07000229",2015,95.1,85.6,101.3,100.8
"E07000229",2016,98.2,88.4,105.8,101.1
"E07000229",2017,102,95.7,109.1,100.1
"E07000229",2018,102.1,98.4,106.9,100
"E07000229",2019,102.9,93.3,114,100.1
"E07000229",2020,98.3,81.2,111.9,102.5
"E07000229",2021,101.1,86.6,112.9,103.2
"E06000022",2015,109.5,107.9,109.7,106.3
"E06000022",2016,110.2,108.6,112,105.2
"E06000022",2017,110.6,106.5,111.5,108.7
"E06000022",2018,115.5,109.5,118.1,111.4
"E06000022",2019,112.3,103.1,115.8,112.1
"E06000022",2020,112.2,98,116.6,116.1
"E06000022",2021,114.9,103.3,116.2,118.1
"E06000023",2015,88.1,87.3,96.4,86.4
"E06000023",2016,88.8,88.2,98.1,85.4
"E06000023",2017,92.6,89.9,102,89.4
"E06000023",2018,93,89.9,101.1,91.3
"E06000023",2019,91.6,85.6,101.4,91.9
"E06000023",2020,90.9,81.2,101.1,94.8
"E06000023",2021,91.4,83.7,98.5,96
"E06000024",2015,103.1,97.1,108.1,102.6
"E06000024",2016,102.9,96.8,109.5,101.1
"E06000024",2017,105.1,93.3,113.4,106.2
"E06000024",2018,105.8,96.1,112.4,106.2
"E06000024",2019,105.5,96,112.1,105.7
"E06000024",2020,103.5,89.5,109,110.4
"E06000024",2021,104.1,91.1,106.5,112.6
"E06000025",2015,111.3,106.7,112.8,108.9
"E06000025",2016,110.5,104.6,113.6,108.4
"E06000025",2017,111.9,104.8,115.1,110.1
"E06000025",2018,111.2,103,113.5,111.8
"E06000025",2019,111.3,101,113.8,113.7
"E06000025",2020,110,97.3,113.1,114.7
"E06000025",2021,111.2,100.6,110.4,117.3
"E06000026",2015,95.3,90.2,101.7,96.2
"E06000026",2016,96.2,90.1,102.8,97.6
"E06000026",2017,96,91.7,99.7,98.6
"E06000026",2018,96.1,89.3,100.6,100.2
"E06000026",2019,93.9,85,99.7,100
"E06000026",2020,96.2,88.5,100,101.8
"E06000026",2021,94.7,83.4,99.3,104
"E06000027",2015,93.5,86.1,98.4,99.2
"E06000027",2016,95,86.8,100.9,99.8
"E06000027",2017,94.9,84.6,101.7,100.8
"E06000027",2018,96.2,85.5,101.5,103.3
"E06000027",2019,95.9,85.4,100.5,103.6
"E06000027",2020,93.9,78.9,102.6,103.2
"E06000027",2021,95.7,82.2,101.5,105.5
"E06000030",2015,97.3,98.2,99.7,95.3
"E06000030",2016,99.9,102.3,102.8,94.8
"E06000030",2017,99.7,100.9,102.2,96
"E06000030",2018,99.2,97.5,103,97.5
"E06000030",2019,99.2,97.4,100.9,99.7
"E06000030",2020,99.6,94,101.4,103.5
"E06000030",2021,99.5,94.2,100.9,103.7
"E06000052",2015,100.4,96.2,102.8,102
"E06000052",2016,100.9,95.8,104,102.6
"E06000052",2017,101.9,97.2,103.6,104
"E06000052",2018,101.6,92.4,105.2,106.5
"E06000052",2019,104.1,94.5,107.6,108.3
"E06000052",2020,103.5,92.9,106.4,109.5
"E06000052",2021,103.2,91.1,106,111
"E06000054",2015,110.6,104.8,111.7,110.2
"E06000054",2016,111.2,105.4,112.8,110
"E06000054",2017,111.3,105,112.3,111.4
"E06000054",2018,111.8,104.2,114.1,111.5
"E06000054",2019,111.8,101.4,115.1,113.3
"E06000054",2020,111.1,96.8,113.7,117.5
"E06000054",2021,110.8,96.4,111.3,119.6
"E06000058",2015,96.8,91.1,101.4,99.3
"E06000058",2016,99.6,94.8,105.4,99
"E06000058",2017,101.8,96,107.6,100.9
"E06000058",2018,101.3,92.8,109.9,100.6
"E06000058",2019,101.8,93.9,108.3,102.3
"E06000058",2020,98.1,87.9,105.4,101.8
"E06000058",2021,100.9,90.8,108.4,103
"E06000059",2015,108,100.8,110.2,109
"E06000059",2016,108.5,101.3,113.4,106.8
"E06000059",2017,108.3,100.7,110.9,109.4
"E06000059",2018,111.1,104.1,112.1,111.8
"E06000059",2019,113.8,104.9,114.5,115.4
"E06000059",2020,113.1,103.1,113.6,116.3
"E06000059",2021,112.8,103,111,118.3
"E07000040",2015,114.5,105.5,116.4,114.6
"E07000040",2016,114.4,109.3,115.3,111.8
"E07000040",2017,115.5,109.3,115.4,114.4
"E07000040",2018,118.2,107.1,120.7,118.2
"E07000040",2019,117.6,105,121.1,118.2
"E07000040",2020,115.5,101.7,117.5,119.8
"E07000040",2021,114,99.9,113.1,122.2
"E07000041",2015,98.9,92.6,105.3,99.3
"E07000041",2016,97.9,90.1,108.6,96
"E07000041",2017,102.5,94,110.2,102
"E07000041",2018,101.9,90.3,112.5,102
"E07000041",2019,105.1,95.7,112.2,105
"E07000041",2020,101.8,83.3,113.8,107.2
"E07000041",2021,103,84.1,112.8,110.7
"E07000042",2015,112.1,114.7,106.7,109
"E07000042",2016,112.2,109.5,112.8,108.4
"E07000042",2017,111.8,110.9,108.5,110.2
"E07000042",2018,111.2,104.8,112.9,110.7
"E07000042",2019,113.2,102.7,117.8,112.8
"E07000042",2020,114.9,101.9,118.8,117
"E07000042",2021,115.5,102.9,118.9,117.3
"E07000043",2015,106.5,105.4,109.2,101.9
"E07000043",2016,104.9,100.6,111,100.8
"E07000043",2017,108.7,103.6,113.6,104.7
"E07000043",2018,106.9,102.1,108.9,106.4
"E07000043",2019,108,104.6,110.1,105.4
"E07000043",2020,105.7,93.8,111.3,109.2
"E07000043",2021,107.5,99.7,108.1,111.3
"E07000044",2015,116.3,117.2,116.8,107
"E07000044",2016,113.8,110.2,117.7,106.9
"E07000044",2017,116.2,111.4,120.4,109.1
"E07000044",2018,117.4,116.6,115.3,111.9
"E07000044",2019,123.5,121.4,121.5,116.4
"E07000044",2020,120.9,112.8,124.7,115.2
"E07000044",2021,119.7,110.2,120.9,118.6
"E07000045",2015,111.9,108.6,108.7,112.8
"E07000045",2016,110.8,107.5,110.7,109.1
"E07000045",2017,112.3,103.8,114.7,112.4
"E07000045",2018,109.6,98.8,111.7,113.8
"E07000045",2019,114.3,104.3,114.9,116.9
"E07000045",2020,116.2,107.4,115.9,117.6
"E07000045",2021,114.6,103,113.5,120.4
"E07000046",2015,102.1,101.8,104,99.6
"E07000046",2016,100.4,93.9,105.9,101.3
"E07000046",2017,102.5,92.7,110.4,103.3
"E07000046",2018,103.6,96,107.5,105.5
"E07000046",2019,102.4,90.6,107,108.3
"E07000046",2020,107.8,107.1,104.8,107.9
"E07000046",2021,108.1,104.5,104.6,111.2
"E07000047",2015,111,102.9,112.9,112
"E07000047",2016,109,99.4,114.7,108.4
"E07000047",2017,111.3,102.4,115.4,110.7
"E07000047",2018,114.1,112.1,112,111.4
"E07000047",2019,114.3,107.2,116.8,112
"E07000047",2020,115.2,111.2,114.6,112.5
"E07000047",2021,110.7,95.9,115,116
"E07000078",2015,107.1,99.9,113.8,104.1
"E07000078",2016,105,95.9,114.6,102.2
"E07000078",2017,107.5,100.6,112.6,105.8
"E07000078",2018,110.6,104.3,114.9,107.6
"E07000078",2019,110.5,104.6,114.5,107.2
"E07000078",2020,111.2,101.2,115.6,111.5
"E07000078",2021,114.1,106.7,114.4,114.6
"E07000079",2015,118.7,118.5,116.3,112.3
"E07000079",2016,120.2,119.4,120.8,110.8
"E07000079",2017,121.5,122.4,115.5,116.1
"E07000079",2018,120.8,119.2,120,113.1
"E07000079",2019,121.4,114.9,122.7,116.3
"E07000079",2020,119,108.5,119.5,120
"E07000079",2021,118.7,107.9,116.2,123.1
"E07000080",2015,109.2,110.8,101,111.5
"E07000080",2016,108.5,107.2,104.4,109.9
"E07000080",2017,110.6,108.9,107.3,110.3
"E07000080",2018,116.1,116.9,111.1,112.6
"E07000080",2019,112.4,109.5,111.1,110.8
"E07000080",2020,113.7,105.4,111,118.2
"E07000080",2021,110.1,102.6,104.4,118.6
"E07000081",2015,94.7,97.6,93.6,95.4
"E07000081",2016,93.6,95.6,94.5,93.9
"E07000081",2017,94.3,91,96.8,97.7
"E07000081",2018,96.5,96,97.8,97.4
"E07000081",2019,93.6,92.9,94.2,96.8
"E07000081",2020,92,81.5,96.5,101.7
"E07000081",2021,95.2,88.7,95.9,103.3
"E07000082",2015,115.3,106.9,114.4,117.3
"E07000082",2016,118.2,112.5,117.5,115.9
"E07000082",2017,117.9,110.8,119.2,115.1
"E07000082",2018,118.4,111.3,117.9,117.1
"E07000082",2019,121.4,114.3,119.8,119.8
"E07000082",2020,118.9,109.5,118,120.1
"E07000082",2021,117.1,103.8,117.1,122.1
"E07000083",2015,112.3,104.7,112.8,113.5
"E07000083",2016,113.5,109.1,111.8,113
"E07000083",2017,115,109.9,112.5,115.5
"E07000083",2018,114,110.3,107.7,117.2
"E07000083",2019,116.6,110,116,116
"E07000083",2020,116,106.1,113.2,121.1
"E07000083",2021,116.1,105.2,113.1,122.2
"E07000187",2015,99.7,94.4,105,99.8
"E07000187",2016,102.8,98.4,111.2,97.6
"E07000187",2017,104.3,102.4,108.7,99.8
"E07000187",2018,105.7,104.5,108.7,101.2
"E07000187",2019,108,104.7,111.5,103.9
"E07000187",2020,106.1,101.5,107,107
"E07000187",2021,105.6,100,105.5,108.6
"E07000188",2015,101.2,100.6,102.6,99.9
"E07000188",2016,99.8,97.5,103.6,98.3
"E07000188",2017,98.9,95.9,101.2,100
"E07000188",2018,101.9,98.5,103.5,102.8
"E07000188",2019,100,94.5,102.6,102.9
"E07000188",2020,102.2,97.1,101,107.5
"E07000188",2021,101.1,92.3,101,109.4
"E07000189",2015,108.7,108.4,108.3,105.2
"E07000189",2016,110.5,112.3,111.5,102.7
"E07000189",2017,110.7,111.1,109.5,106.3
"E07000189",2018,109.1,110.5,104.9,107.7
"E07000189",2019,107.6,101.8,108.3,109
"E07000189",2020,109.1,99.7,112,111.3
"E07000189",2021,106.5,95.6,107.9,113
"E07000246",2015,101.8,94.2,108.2,102.2
"E07000246",2016,103.3,98.6,109.1,100.5
"E07000246",2017,110.6,109.7,113.4,103.6
"E07000246",2018,103.5,99.2,104.1,105.5
"E07000246",2019,106.6,100.3,109.6,106.7
"E07000246",2020,103.8,92,107.7,109.7
"E07000246",2021,106.3,98,106.5,111.5
