"stp20_nhs_code","date","year","month","completed","incomplete","new"
"QE1",2020-04-01,2020,"Apr",14922,134220,14582
"QF7",2020-04-01,2020,"Apr",20076,121868,15117
"QGH",2020-04-01,2020,"Apr",4861,64389,8540
"QH8",2020-04-01,2020,"Apr",14793,119470,8941
"QHG",2020-04-01,2020,"Apr",5996,76845,7578
"QHL",2020-04-01,2020,"Apr",11183,145018,13186
"QHM",2020-04-01,2020,"Apr",38576,264118,27545
"QJ2",2020-04-01,2020,"Apr",7791,85230,7006
"QJG",2020-04-01,2020,"Apr",6290,85379,6022
"QJK",2020-04-01,2020,"Apr",13408,120932,16407
"QJM",2020-04-01,2020,"Apr",5129,44164,5205
"QK1",2020-04-01,2020,"Apr",7710,84044,8599
"QKK",2020-04-01,2020,"Apr",28413,212772,27995
"QKS",2020-04-01,2020,"Apr",15789,140899,13030
"QM7",2020-04-01,2020,"Apr",13844,100687,11087
"QMF",2020-04-01,2020,"Apr",13778,170095,13029
"QMJ",2020-04-01,2020,"Apr",13885,127734,12814
"QMM",2020-04-01,2020,"Apr",7315,91890,5838
"QNC",2020-04-01,2020,"Apr",7083,57836,4643
"QNQ",2020-04-01,2020,"Apr",3955,42899,2405
"QNX",2020-04-01,2020,"Apr",22048,146361,16154
"QOC",2020-04-01,2020,"Apr",4297,47964,7150
"QOP",2020-04-01,2020,"Apr",34557,335130,35016
"QOQ",2020-04-01,2020,"Apr",21285,142200,14761
"QOX",2020-04-01,2020,"Apr",7437,79038,8050
"QPM",2020-04-01,2020,"Apr",5725,49257,5089
"QR1",2020-04-01,2020,"Apr",3924,64248,5946
"QRL",2020-04-01,2020,"Apr",18428,154867,14728
"QRV",2020-04-01,2020,"Apr",35567,198935,19785
"QSL",2020-04-01,2020,"Apr",3876,40349,3298
"QT1",2020-04-01,2020,"Apr",14209,86826,14754
"QT6",2020-04-01,2020,"Apr",4873,34626,3723
"QU9",2020-04-01,2020,"Apr",13784,135893,13388
"QUA",2020-04-01,2020,"Apr",15406,128894,15879
"QUE",2020-04-01,2020,"Apr",6577,49416,5758
"QUY",2020-04-01,2020,"Apr",11182,91481,9746
"QVV",2020-04-01,2020,"Apr",6464,70303,5115
"QWE",2020-04-01,2020,"Apr",18002,128840,14560
"QWO",2020-04-01,2020,"Apr",19070,161126,14053
"QWU",2020-04-01,2020,"Apr",7623,75279,5264
"QXU",2020-04-01,2020,"Apr",15005,83316,9966
"QYG",2020-04-01,2020,"Apr",28083,235024,24268
"QE1",2020-07-01,2020,"Jul",24705,138849,35365
"QF7",2020-07-01,2020,"Jul",24071,120578,31030
"QGH",2020-07-01,2020,"Jul",8104,70250,13010
"QH8",2020-07-01,2020,"Jul",19961,117834,26952
"QHG",2020-07-01,2020,"Jul",12638,78294,18446
"QHL",2020-07-01,2020,"Jul",21028,146476,29827
"QHM",2020-07-01,2020,"Jul",56903,257588,78146
"QJ2",2020-07-01,2020,"Jul",14190,88160,18279
"QJG",2020-07-01,2020,"Jul",11498,91242,16132
"QJK",2020-07-01,2020,"Jul",21306,127424,32201
"QJM",2020-07-01,2020,"Jul",7032,49486,10242
"QK1",2020-07-01,2020,"Jul",14440,89185,17178
"QKK",2020-07-01,2020,"Jul",43989,200203,52106
"QKS",2020-07-01,2020,"Jul",24676,144419,30412
"QM7",2020-07-01,2020,"Jul",18653,96541,28075
"QMF",2020-07-01,2020,"Jul",20632,175897,33717
"QMJ",2020-07-01,2020,"Jul",20538,127119,25973
"QMM",2020-07-01,2020,"Jul",13552,98615,22626
"QNC",2020-07-01,2020,"Jul",12092,56894,13587
"QNQ",2020-07-01,2020,"Jul",6852,45161,9472
"QNX",2020-07-01,2020,"Jul",29884,154105,37912
"QOC",2020-07-01,2020,"Jul",7259,51552,10166
"QOP",2020-07-01,2020,"Jul",48424,359913,72661
"QOQ",2020-07-01,2020,"Jul",28905,155931,38132
"QOX",2020-07-01,2020,"Jul",14948,78204,19614
"QPM",2020-07-01,2020,"Jul",7411,48007,12397
"QR1",2020-07-01,2020,"Jul",7360,67312,14443
"QRL",2020-07-01,2020,"Jul",29270,155986,34271
"QRV",2020-07-01,2020,"Jul",34908,177528,46649
"QSL",2020-07-01,2020,"Jul",5622,41129,7896
"QT1",2020-07-01,2020,"Jul",19606,92214,25070
"QT6",2020-07-01,2020,"Jul",8383,36559,10396
"QU9",2020-07-01,2020,"Jul",22086,152719,29252
"QUA",2020-07-01,2020,"Jul",28456,129527,47091
"QUE",2020-07-01,2020,"Jul",19326,89682,23882
"QUY",2020-07-01,2020,"Jul",16305,96570,21278
"QVV",2020-07-01,2020,"Jul",11271,71193,14674
"QWE",2020-07-01,2020,"Jul",27027,131984,33578
"QWO",2020-07-01,2020,"Jul",31038,160717,40321
"QWU",2020-07-01,2020,"Jul",12250,72391,12575
"QXU",2020-07-01,2020,"Jul",19571,83642,26347
"QYG",2020-07-01,2020,"Jul",47861,244372,61440
"QE1",2020-11-01,2020,"Nov",32946,156406,39997
"QF7",2020-11-01,2020,"Nov",38374,141409,38937
"QGH",2020-11-01,2020,"Nov",11796,74782,14273
"QH8",2020-11-01,2020,"Nov",27183,112908,29238
"QHG",2020-11-01,2020,"Nov",16579,80836,21941
"QHL",2020-11-01,2020,"Nov",24216,167092,37698
"QHM",2020-11-01,2020,"Nov",73168,293101,87233
"QJ2",2020-11-01,2020,"Nov",19195,97727,20847
"QJG",2020-11-01,2020,"Nov",18663,93791,20062
"QJK",2020-11-01,2020,"Nov",23428,148554,30024
"QJM",2020-11-01,2020,"Nov",10239,52718,8936
"QK1",2020-11-01,2020,"Nov",17870,96726,19747
"QKK",2020-11-01,2020,"Nov",53135,191212,58896
"QKS",2020-11-01,2020,"Nov",34257,149122,36297
"QM7",2020-11-01,2020,"Nov",25255,98817,31651
"QMF",2020-11-01,2020,"Nov",32908,177681,42829
"QMJ",2020-11-01,2020,"Nov",31865,126152,34212
"QMM",2020-11-01,2020,"Nov",16075,107247,24781
"QNC",2020-11-01,2020,"Nov",14641,63210,16072
"QNQ",2020-11-01,2020,"Nov",10648,46721,13998
"QNX",2020-11-01,2020,"Nov",42878,175936,45175
"QOC",2020-11-01,2020,"Nov",10663,54966,10505
"QOP",2020-11-01,2020,"Nov",66178,390564,80876
"QOQ",2020-11-01,2020,"Nov",36529,165842,40283
"QOX",2020-11-01,2020,"Nov",20476,88927,23394
"QPM",2020-11-01,2020,"Nov",10880,48293,12942
"QR1",2020-11-01,2020,"Nov",9064,67465,13907
"QRL",2020-11-01,2020,"Nov",40054,165369,37697
"QRV",2020-11-01,2020,"Nov",48748,186299,57369
"QSL",2020-11-01,2020,"Nov",8669,42120,8988
"QT1",2020-11-01,2020,"Nov",24759,104909,28266
"QT6",2020-11-01,2020,"Nov",10984,35297,12101
"QU9",2020-11-01,2020,"Nov",29793,160083,37119
"QUA",2020-11-01,2020,"Nov",33193,141369,41910
"QUE",2020-11-01,2020,"Nov",25787,99975,28788
"QUY",2020-11-01,2020,"Nov",23299,107045,25018
"QVV",2020-11-01,2020,"Nov",14480,76920,17346
"QWE",2020-11-01,2020,"Nov",37054,134590,41273
"QWO",2020-11-01,2020,"Nov",38825,188429,46510
"QWU",2020-11-01,2020,"Nov",15816,76139,18500
"QXU",2020-11-01,2020,"Nov",24919,90485,29374
"QYG",2020-11-01,2020,"Nov",63757,258873,68330
"QE1",2021-02-01,2021,"Feb",29757,167281,37705
"QF7",2021-02-01,2021,"Feb",37501,143004,38026
"QGH",2021-02-01,2021,"Feb",7796,78658,12481
"QH8",2021-02-01,2021,"Feb",21938,115362,27430
"QHG",2021-02-01,2021,"Feb",14715,86748,22700
"QHL",2021-02-01,2021,"Feb",18666,205656,35259
"QHM",2021-02-01,2021,"Feb",62098,308387,83572
"QJ2",2021-02-01,2021,"Feb",16539,103773,18191
"QJG",2021-02-01,2021,"Feb",12006,96566,16389
"QJK",2021-02-01,2021,"Feb",22449,161876,29718
"QJM",2021-02-01,2021,"Feb",9412,46726,7733
"QK1",2021-02-01,2021,"Feb",13145,108691,17564
"QKK",2021-02-01,2021,"Feb",38900,212492,51603
"QKS",2021-02-01,2021,"Feb",23258,163894,30711
"QM7",2021-02-01,2021,"Feb",20078,109495,28315
"QMF",2021-02-01,2021,"Feb",24776,189945,36897
"QMJ",2021-02-01,2021,"Feb",24563,130517,29143
"QMM",2021-02-01,2021,"Feb",12445,115777,19794
"QNC",2021-02-01,2021,"Feb",12933,72707,16673
"QNQ",2021-02-01,2021,"Feb",6793,51607,11050
"QNX",2021-02-01,2021,"Feb",34542,186341,40707
"QOC",2021-02-01,2021,"Feb",8521,58162,10007
"QOP",2021-02-01,2021,"Feb",65247,405051,81782
"QOQ",2021-02-01,2021,"Feb",35995,169784,40808
"QOX",2021-02-01,2021,"Feb",17280,93424,21540
"QPM",2021-02-01,2021,"Feb",8450,50576,13523
"QR1",2021-02-01,2021,"Feb",7312,71042,13935
"QRL",2021-02-01,2021,"Feb",31645,172377,36206
"QRV",2021-02-01,2021,"Feb",37115,185272,46958
"QSL",2021-02-01,2021,"Feb",6815,46089,9064
"QT1",2021-02-01,2021,"Feb",22143,114521,27567
"QT6",2021-02-01,2021,"Feb",8638,36569,10228
"QU9",2021-02-01,2021,"Feb",24668,156735,31870
"QUA",2021-02-01,2021,"Feb",24559,159616,37689
"QUE",2021-02-01,2021,"Feb",18382,101781,22272
"QUY",2021-02-01,2021,"Feb",20594,108131,23784
"QVV",2021-02-01,2021,"Feb",11138,79492,15213
"QWE",2021-02-01,2021,"Feb",30644,137985,37951
"QWO",2021-02-01,2021,"Feb",41397,208422,53622
"QWU",2021-02-01,2021,"Feb",14255,100183,20255
"QXU",2021-02-01,2021,"Feb",20847,94218,26416
"QYG",2021-02-01,2021,"Feb",55976,277508,65978
"QE1",2021-03-01,2021,"Mar",35755,162845,45022
"QF7",2021-03-01,2021,"Mar",44577,146580,49112
"QGH",2021-03-01,2021,"Mar",10365,81917,16440
"QH8",2021-03-01,2021,"Mar",28388,115843,33890
"QHG",2021-03-01,2021,"Mar",18398,85695,26803
"QHL",2021-03-01,2021,"Mar",23481,224286,44625
"QHM",2021-03-01,2021,"Mar",79871,319471,105354
"QJ2",2021-03-01,2021,"Mar",20358,106408,24540
"QJG",2021-03-01,2021,"Mar",16748,94995,20325
"QJK",2021-03-01,2021,"Mar",27096,170275,39836
"QJM",2021-03-01,2021,"Mar",10285,48538,10261
"QK1",2021-03-01,2021,"Mar",18111,113070,23019
"QKK",2021-03-01,2021,"Mar",50437,222382,68731
"QKS",2021-03-01,2021,"Mar",31007,170581,39939
"QM7",2021-03-01,2021,"Mar",23639,116020,34236
"QMF",2021-03-01,2021,"Mar",31637,198363,47561
"QMJ",2021-03-01,2021,"Mar",40822,223002,53974
"QMM",2021-03-01,2021,"Mar",17351,120680,27651
"QNC",2021-03-01,2021,"Mar",15122,76399,20243
"QNQ",2021-03-01,2021,"Mar",9390,55071,13309
"QNX",2021-03-01,2021,"Mar",41607,194575,51332
"QOC",2021-03-01,2021,"Mar",11023,60529,13298
"QOP",2021-03-01,2021,"Mar",76112,419487,101538
"QOQ",2021-03-01,2021,"Mar",44245,174294,52366
"QOX",2021-03-01,2021,"Mar",22100,95778,27235
"QPM",2021-03-01,2021,"Mar",11038,52230,16577
"QR1",2021-03-01,2021,"Mar",10137,72392,17852
"QRL",2021-03-01,2021,"Mar",42412,175299,48665
"QRV",2021-03-01,2021,"Mar",46130,194961,61588
"QSL",2021-03-01,2021,"Mar",9077,48709,11642
"QT1",2021-03-01,2021,"Mar",28694,117849,33096
"QT6",2021-03-01,2021,"Mar",10486,37515,12982
"QU9",2021-03-01,2021,"Mar",31451,162296,41387
"QUA",2021-03-01,2021,"Mar",33626,166988,48808
"QUE",2021-03-01,2021,"Mar",23498,104972,29182
"QUY",2021-03-01,2021,"Mar",25191,110491,28324
"QVV",2021-03-01,2021,"Mar",14916,81614,19966
"QWE",2021-03-01,2021,"Mar",38502,147153,49996
"QWO",2021-03-01,2021,"Mar",48832,213592,67452
"QWU",2021-03-01,2021,"Mar",18536,104619,24709
"QXU",2021-03-01,2021,"Mar",25906,99083,34624
"QYG",2021-03-01,2021,"Mar",72213,285682,84414
"QE1",2021-04-01,2021,"Apr",32088,179452,42020
"QF7",2021-04-01,2021,"Apr",40394,155470,44910
"QGH",2021-04-01,2021,"Apr",10219,84909,15478
"QH8",2021-04-01,2021,"Apr",25452,120663,34517
"QHG",2021-04-01,2021,"Apr",17276,90140,25373
"QHL",2021-04-01,2021,"Apr",23185,232951,41483
"QHM",2021-04-01,2021,"Apr",73866,326138,97873
"QJ2",2021-04-01,2021,"Apr",19218,109124,23159
"QJG",2021-04-01,2021,"Apr",18040,98564,23190
"QJK",2021-04-01,2021,"Apr",25557,176403,36145
"QJM",2021-04-01,2021,"Apr",9947,49924,8624
"QK1",2021-04-01,2021,"Apr",16705,117325,20623
"QKK",2021-04-01,2021,"Apr",50299,223433,64421
"QKS",2021-04-01,2021,"Apr",31757,173507,37041
"QM7",2021-04-01,2021,"Apr",22164,119737,30957
"QMF",2021-04-01,2021,"Apr",29343,204635,44637
"QMJ",2021-04-01,2021,"Apr",39370,232566,50655
"QMM",2021-04-01,2021,"Apr",17647,123637,26411
"QNC",2021-04-01,2021,"Apr",13574,82100,19234
"QNQ",2021-04-01,2021,"Apr",9097,57830,13042
"QNX",2021-04-01,2021,"Apr",37732,195248,47066
"QOC",2021-04-01,2021,"Apr",10444,62856,11652
"QOP",2021-04-01,2021,"Apr",67132,432287,90382
"QOQ",2021-04-01,2021,"Apr",38090,178912,46947
"QOX",2021-04-01,2021,"Apr",19915,96545,25249
"QPM",2021-04-01,2021,"Apr",10363,51268,15228
"QR1",2021-04-01,2021,"Apr",8639,73431,16104
"QRL",2021-04-01,2021,"Apr",38799,177574,42559
"QRV",2021-04-01,2021,"Apr",45049,202625,58598
"QSL",2021-04-01,2021,"Apr",8148,50797,11139
"QT1",2021-04-01,2021,"Apr",27494,118968,29237
"QT6",2021-04-01,2021,"Apr",10243,38408,12130
"QU9",2021-04-01,2021,"Apr",28455,166077,38004
"QUA",2021-04-01,2021,"Apr",35871,171007,41235
"QUE",2021-04-01,2021,"Apr",23607,108833,27853
"QUY",2021-04-01,2021,"Apr",22637,115286,26909
"QVV",2021-04-01,2021,"Apr",14109,83011,18779
"QWE",2021-04-01,2021,"Apr",34542,145316,43968
"QWO",2021-04-01,2021,"Apr",47596,236002,65448
"QWU",2021-04-01,2021,"Apr",17962,104622,21789
"QXU",2021-04-01,2021,"Apr",24303,102278,31214
"QYG",2021-04-01,2021,"Apr",65055,293929,78883
"QE1",2021-05-01,2021,"May",35237,185637,43628
"QF7",2021-05-01,2021,"May",39595,160857,45257
"QGH",2021-05-01,2021,"May",10962,87420,15998
"QH8",2021-05-01,2021,"May",25306,125426,34674
"QHG",2021-05-01,2021,"May",17774,94148,26238
"QHL",2021-05-01,2021,"May",24887,244061,42144
"QHM",2021-05-01,2021,"May",80919,345293,104391
"QJ2",2021-05-01,2021,"May",19927,122397,26727
"QJG",2021-05-01,2021,"May",19098,100531,19948
"QJK",2021-05-01,2021,"May",27448,184128,35840
"QJM",2021-05-01,2021,"May",8681,55179,10995
"QK1",2021-05-01,2021,"May",17297,120166,21309
"QKK",2021-05-01,2021,"May",50308,227891,63851
"QKS",2021-05-01,2021,"May",31948,180885,37810
"QM7",2021-05-01,2021,"May",22725,118476,31191
"QMF",2021-05-01,2021,"May",33108,207303,45989
"QMJ",2021-05-01,2021,"May",40364,239133,52281
"QMM",2021-05-01,2021,"May",17960,126244,28922
"QNC",2021-05-01,2021,"May",15392,86433,18828
"QNQ",2021-05-01,2021,"May",9884,58698,13161
"QNX",2021-05-01,2021,"May",39772,197907,42938
"QOC",2021-05-01,2021,"May",10812,63827,12270
"QOP",2021-05-01,2021,"May",68217,445070,87644
"QOQ",2021-05-01,2021,"May",40380,181276,47008
"QOX",2021-05-01,2021,"May",20645,97819,25536
"QPM",2021-05-01,2021,"May",10765,54716,16378
"QR1",2021-05-01,2021,"May",9310,74214,16345
"QRL",2021-05-01,2021,"May",40651,179523,44045
"QRV",2021-05-01,2021,"May",46143,209315,59041
"QSL",2021-05-01,2021,"May",8520,52773,11723
"QT1",2021-05-01,2021,"May",27800,120489,29814
"QT6",2021-05-01,2021,"May",10274,39696,12683
"QU9",2021-05-01,2021,"May",30539,169037,38404
"QUA",2021-05-01,2021,"May",32780,177095,41805
"QUE",2021-05-01,2021,"May",23087,112843,27611
"QUY",2021-05-01,2021,"May",23775,118751,26573
"QVV",2021-05-01,2021,"May",14870,84000,19433
"QWE",2021-05-01,2021,"May",36330,146793,44830
"QWO",2021-05-01,2021,"May",49536,243433,63549
"QWU",2021-05-01,2021,"May",17841,106081,22464
"QXU",2021-05-01,2021,"May",25488,102983,30838
"QYG",2021-05-01,2021,"May",63791,303098,79642
"QE1",2021-06-01,2021,"Jun",38261,188379,47247
"QF7",2021-06-01,2021,"Jun",44100,166942,49223
"QGH",2021-06-01,2021,"Jun",12825,88974,17462
"QH8",2021-06-01,2021,"Jun",29358,127186,33230
"QHG",2021-06-01,2021,"Jun",20416,96623,29907
"QHL",2021-06-01,2021,"Jun",27400,236828,44341
"QHM",2021-06-01,2021,"Jun",89583,353689,113584
"QJ2",2021-06-01,2021,"Jun",22524,124415,28882
"QJG",2021-06-01,2021,"Jun",20859,102581,26196
"QJK",2021-06-01,2021,"Jun",29285,187654,38718
"QJM",2021-06-01,2021,"Jun",9828,58240,12051
"QK1",2021-06-01,2021,"Jun",19043,123494,22503
"QKK",2021-06-01,2021,"Jun",57688,230967,70182
"QKS",2021-06-01,2021,"Jun",36063,182354,40701
"QM7",2021-06-01,2021,"Jun",26435,126340,34958
"QMF",2021-06-01,2021,"Jun",37371,209897,51888
"QMJ",2021-06-01,2021,"Jun",46135,239923,55450
"QMM",2021-06-01,2021,"Jun",20678,129528,31187
"QNC",2021-06-01,2021,"Jun",17568,89688,21626
"QNQ",2021-06-01,2021,"Jun",11442,58824,13685
"QNX",2021-06-01,2021,"Jun",43989,204849,54382
"QOC",2021-06-01,2021,"Jun",11592,64750,13506
"QOP",2021-06-01,2021,"Jun",76185,458777,99583
"QOQ",2021-06-01,2021,"Jun",45779,182626,52233
"QOX",2021-06-01,2021,"Jun",22138,97966,26282
"QPM",2021-06-01,2021,"Jun",12431,59637,18366
"QR1",2021-06-01,2021,"Jun",10218,75071,17779
"QRL",2021-06-01,2021,"Jun",44625,183038,48759
"QRV",2021-06-01,2021,"Jun",51735,219001,66303
"QSL",2021-06-01,2021,"Jun",9390,54328,12497
"QT1",2021-06-01,2021,"Jun",30444,122621,34932
"QT6",2021-06-01,2021,"Jun",11330,41640,14045
"QU9",2021-06-01,2021,"Jun",32793,170949,41620
"QUA",2021-06-01,2021,"Jun",37084,181575,51257
"QUE",2021-06-01,2021,"Jun",25843,119860,31245
"QUY",2021-06-01,2021,"Jun",27162,124601,29556
"QVV",2021-06-01,2021,"Jun",15942,84619,20560
"QWE",2021-06-01,2021,"Jun",40415,150387,49512
"QWO",2021-06-01,2021,"Jun",55412,248996,70500
"QWU",2021-06-01,2021,"Jun",21159,107346,24835
"QXU",2021-06-01,2021,"Jun",27478,108314,35227
"QYG",2021-06-01,2021,"Jun",70707,307232,85907
"QE1",2021-07-01,2021,"Jul",37319,191134,45669
"QF7",2021-07-01,2021,"Jul",42705,172809,47673
"QGH",2021-07-01,2021,"Jul",12254,89938,16777
"QH8",2021-07-01,2021,"Jul",28562,134657,37109
"QHG",2021-07-01,2021,"Jul",19355,99718,28821
"QHL",2021-07-01,2021,"Jul",25113,243517,40409
"QHM",2021-07-01,2021,"Jul",84778,362901,107345
"QJ2",2021-07-01,2021,"Jul",20611,130681,28355
"QJG",2021-07-01,2021,"Jul",20503,104286,25633
"QJK",2021-07-01,2021,"Jul",27995,192777,37840
"QJM",2021-07-01,2021,"Jul",9154,58978,11151
"QK1",2021-07-01,2021,"Jul",17962,125085,20396
"QKK",2021-07-01,2021,"Jul",54435,235934,67935
"QKS",2021-07-01,2021,"Jul",33837,187316,42071
"QM7",2021-07-01,2021,"Jul",24810,126393,31686
"QMF",2021-07-01,2021,"Jul",35885,206894,48855
"QMJ",2021-07-01,2021,"Jul",45283,246700,55006
"QMM",2021-07-01,2021,"Jul",19144,131148,30819
"QNC",2021-07-01,2021,"Jul",16996,92297,20599
"QNQ",2021-07-01,2021,"Jul",11057,60340,15183
"QNX",2021-07-01,2021,"Jul",41516,207513,49524
"QOC",2021-07-01,2021,"Jul",11637,65753,12572
"QOP",2021-07-01,2021,"Jul",70532,472102,93982
"QOQ",2021-07-01,2021,"Jul",42458,184823,49771
"QOX",2021-07-01,2021,"Jul",20187,101200,26160
"QPM",2021-07-01,2021,"Jul",12013,61480,17135
"QR1",2021-07-01,2021,"Jul",10551,73410,16830
"QRL",2021-07-01,2021,"Jul",42228,184406,46161
"QRV",2021-07-01,2021,"Jul",48836,223576,62663
"QSL",2021-07-01,2021,"Jul",9046,54902,11867
"QT1",2021-07-01,2021,"Jul",28825,123190,32570
"QT6",2021-07-01,2021,"Jul",11092,43467,13445
"QU9",2021-07-01,2021,"Jul",30331,173620,38635
"QUA",2021-07-01,2021,"Jul",33968,187183,48137
"QUE",2021-07-01,2021,"Jul",24730,129913,31386
"QUY",2021-07-01,2021,"Jul",24781,125867,27550
"QVV",2021-07-01,2021,"Jul",14726,84906,19743
"QWE",2021-07-01,2021,"Jul",37877,152397,47471
"QWO",2021-07-01,2021,"Jul",53188,258590,67520
"QWU",2021-07-01,2021,"Jul",20334,107448,24577
"QXU",2021-07-01,2021,"Jul",26347,110086,32157
"QYG",2021-07-01,2021,"Jul",60280,315791,80395
"QE1",2021-08-01,2021,"Aug",34385,194199,43360
"QF7",2021-08-01,2021,"Aug",37982,178530,44223
"QGH",2021-08-01,2021,"Aug",11343,91462,15768
"QH8",2021-08-01,2021,"Aug",25798,140436,34754
"QHG",2021-08-01,2021,"Aug",16982,103969,26187
"QHL",2021-08-01,2021,"Aug",23444,253074,38583
"QHM",2021-08-01,2021,"Aug",77534,366344,97374
"QJ2",2021-08-01,2021,"Aug",19646,133389,25960
"QJG",2021-08-01,2021,"Aug",18000,101056,22722
"QJK",2021-08-01,2021,"Aug",25309,196042,33112
"QJM",2021-08-01,2021,"Aug",8015,59466,9815
"QK1",2021-08-01,2021,"Aug",16286,127723,18016
"QKK",2021-08-01,2021,"Aug",49729,239707,63048
"QKS",2021-08-01,2021,"Aug",31700,190256,38166
"QM7",2021-08-01,2021,"Aug",22105,130467,29493
"QMF",2021-08-01,2021,"Aug",30696,212805,45821
"QMJ",2021-08-01,2021,"Aug",39546,246404,50356
"QMM",2021-08-01,2021,"Aug",18319,132216,27863
"QNC",2021-08-01,2021,"Aug",14976,95618,19260
"QNQ",2021-08-01,2021,"Aug",9948,62468,12250
"QNX",2021-08-01,2021,"Aug",37206,209786,46172
"QOC",2021-08-01,2021,"Aug",11094,65720,11080
"QOP",2021-08-01,2021,"Aug",68424,477366,84577
"QOQ",2021-08-01,2021,"Aug",39351,186314,44719
"QOX",2021-08-01,2021,"Aug",18684,103814,24255
"QPM",2021-08-01,2021,"Aug",11018,62636,15494
"QR1",2021-08-01,2021,"Aug",8649,74379,15825
"QRL",2021-08-01,2021,"Aug",37518,188222,41708
"QRV",2021-08-01,2021,"Aug",43284,231405,57829
"QSL",2021-08-01,2021,"Aug",8136,56372,11127
"QT1",2021-08-01,2021,"Aug",25545,125385,31154
"QT6",2021-08-01,2021,"Aug",9485,45391,12361
"QU9",2021-08-01,2021,"Aug",27363,175752,35460
"QUA",2021-08-01,2021,"Aug",30854,190979,44681
"QUE",2021-08-01,2021,"Aug",22575,133671,27976
"QUY",2021-08-01,2021,"Aug",20815,129130,26140
"QVV",2021-08-01,2021,"Aug",13247,87119,17439
"QWE",2021-08-01,2021,"Aug",33587,156005,43431
"QWO",2021-08-01,2021,"Aug",47716,265824,63431
"QWU",2021-08-01,2021,"Aug",16607,109184,22862
"QXU",2021-08-01,2021,"Aug",23311,112682,29699
"QYG",2021-08-01,2021,"Aug",54186,290695,69888
"QE1",2021-09-01,2021,"Sep",38150,196325,48253
"QF7",2021-09-01,2021,"Sep",44432,182160,48944
"QGH",2021-09-01,2021,"Sep",12505,94400,18180
"QH8",2021-09-01,2021,"Sep",27722,142293,36948
"QHG",2021-09-01,2021,"Sep",19203,109131,28270
"QHL",2021-09-01,2021,"Sep",27824,257036,42861
"QHM",2021-09-01,2021,"Sep",87666,374613,109928
"QJ2",2021-09-01,2021,"Sep",21329,133519,28199
"QJG",2021-09-01,2021,"Sep",20469,104594,26308
"QJK",2021-09-01,2021,"Sep",28994,199891,37063
"QJM",2021-09-01,2021,"Sep",9255,61114,11762
"QK1",2021-09-01,2021,"Sep",18212,129047,21267
"QKK",2021-09-01,2021,"Sep",54398,245284,72121
"QKS",2021-09-01,2021,"Sep",35245,194220,42085
"QM7",2021-09-01,2021,"Sep",25367,132504,32209
"QMF",2021-09-01,2021,"Sep",35156,216410,51282
"QMJ",2021-09-01,2021,"Sep",44958,252950,57094
"QMM",2021-09-01,2021,"Sep",21237,134098,29005
"QNC",2021-09-01,2021,"Sep",17007,97875,20813
"QNQ",2021-09-01,2021,"Sep",11113,62214,14905
"QNX",2021-09-01,2021,"Sep",42531,216423,50764
"QOC",2021-09-01,2021,"Sep",12137,66035,11990
"QOP",2021-09-01,2021,"Sep",78445,483513,95635
"QOQ",2021-09-01,2021,"Sep",44111,189433,50350
"QOX",2021-09-01,2021,"Sep",21646,105260,26301
"QPM",2021-09-01,2021,"Sep",12987,62615,16691
"QR1",2021-09-01,2021,"Sep",9934,75430,17183
"QRL",2021-09-01,2021,"Sep",42830,192795,48881
"QRV",2021-09-01,2021,"Sep",51191,235149,61983
"QSL",2021-09-01,2021,"Sep",9332,56031,12074
"QT1",2021-09-01,2021,"Sep",29579,128064,29796
"QT6",2021-09-01,2021,"Sep",10131,47283,13411
"QU9",2021-09-01,2021,"Sep",29739,174404,39152
"QUA",2021-09-01,2021,"Sep",34496,199561,49756
"QUE",2021-09-01,2021,"Sep",24790,136719,30912
"QUY",2021-09-01,2021,"Sep",23295,130280,26915
"QVV",2021-09-01,2021,"Sep",14880,89145,19949
"QWE",2021-09-01,2021,"Sep",39707,158878,49872
"QWO",2021-09-01,2021,"Sep",54336,265818,67920
"QWU",2021-09-01,2021,"Sep",18217,112688,25384
"QXU",2021-09-01,2021,"Sep",27462,112810,32757
"QYG",2021-09-01,2021,"Sep",63261,295373,75864
"QE1",2021-10-01,2021,"Oct",36564,198154,45898
"QF7",2021-10-01,2021,"Oct",42787,185590,48660
"QGH",2021-10-01,2021,"Oct",12461,95512,17148
"QH8",2021-10-01,2021,"Oct",28713,146165,37252
"QHG",2021-10-01,2021,"Oct",18849,112874,27961
"QHL",2021-10-01,2021,"Oct",28812,258530,38075
"QHM",2021-10-01,2021,"Oct",84852,380073,106633
"QJ2",2021-10-01,2021,"Oct",21589,132907,27729
"QJG",2021-10-01,2021,"Oct",20044,106097,25043
"QJK",2021-10-01,2021,"Oct",29335,205423,38476
"QJM",2021-10-01,2021,"Oct",8802,63629,11439
"QK1",2021-10-01,2021,"Oct",17014,131423,19432
"QKK",2021-10-01,2021,"Oct",54447,249617,67623
"QKS",2021-10-01,2021,"Oct",34424,198405,41628
"QM7",2021-10-01,2021,"Oct",25494,133251,30952
"QMF",2021-10-01,2021,"Oct",36521,216363,48374
"QMJ",2021-10-01,2021,"Oct",44049,257269,55183
"QMM",2021-10-01,2021,"Oct",20601,138628,28518
"QNC",2021-10-01,2021,"Oct",16492,98419,19114
"QNQ",2021-10-01,2021,"Oct",10809,63283,14401
"QNX",2021-10-01,2021,"Oct",41644,218183,48571
"QOC",2021-10-01,2021,"Oct",11547,66932,11327
"QOP",2021-10-01,2021,"Oct",76251,492698,91726
"QOQ",2021-10-01,2021,"Oct",44362,193307,50601
"QOX",2021-10-01,2021,"Oct",20542,107116,24957
"QPM",2021-10-01,2021,"Oct",11862,63751,16813
"QR1",2021-10-01,2021,"Oct",9650,76621,17017
"QRL",2021-10-01,2021,"Oct",41225,195819,46796
"QRV",2021-10-01,2021,"Oct",50831,241396,63875
"QSL",2021-10-01,2021,"Oct",9145,56879,12107
"QT1",2021-10-01,2021,"Oct",27278,132163,30964
"QT6",2021-10-01,2021,"Oct",9931,49109,13373
"QU9",2021-10-01,2021,"Oct",32687,176359,39223
"QUA",2021-10-01,2021,"Oct",38412,203408,48816
"QUE",2021-10-01,2021,"Oct",24299,139500,29656
"QUY",2021-10-01,2021,"Oct",23267,131429,26824
"QVV",2021-10-01,2021,"Oct",14941,89937,18969
"QWE",2021-10-01,2021,"Oct",38978,160563,47991
"QWO",2021-10-01,2021,"Oct",51620,270455,65870
"QWU",2021-10-01,2021,"Oct",18438,113319,24532
"QXU",2021-10-01,2021,"Oct",26656,113577,31318
"QYG",2021-10-01,2021,"Oct",69770,347121,81949
"QE1",2021-11-01,2021,"Nov",40150,194888,47000
"QF7",2021-11-01,2021,"Nov",46368,184593,45018
"QGH",2021-11-01,2021,"Nov",13566,96076,17855
"QH8",2021-11-01,2021,"Nov",30117,147410,44157
"QHG",2021-11-01,2021,"Nov",18698,116138,27923
"QHL",2021-11-01,2021,"Nov",31672,259777,40565
"QHM",2021-11-01,2021,"Nov",96268,376237,116501
"QJ2",2021-11-01,2021,"Nov",23185,131953,28183
"QJG",2021-11-01,2021,"Nov",22756,107021,26528
"QJK",2021-11-01,2021,"Nov",32845,204689,40128
"QJM",2021-11-01,2021,"Nov",10242,66007,12889
"QK1",2021-11-01,2021,"Nov",19594,132322,20874
"QKK",2021-11-01,2021,"Nov",60288,249318,72311
"QKS",2021-11-01,2021,"Nov",39180,198015,43110
"QM7",2021-11-01,2021,"Nov",25287,133526,29994
"QMF",2021-11-01,2021,"Nov",39446,215617,52076
"QMJ",2021-11-01,2021,"Nov",50378,258682,60290
"QMM",2021-11-01,2021,"Nov",23957,137943,30067
"QNC",2021-11-01,2021,"Nov",19371,98975,21198
"QNQ",2021-11-01,2021,"Nov",12471,63168,15143
"QNX",2021-11-01,2021,"Nov",46995,221393,52032
"QOC",2021-11-01,2021,"Nov",12742,67711,12835
"QOP",2021-11-01,2021,"Nov",81978,498413,99146
"QOQ",2021-11-01,2021,"Nov",50744,192857,53578
"QOX",2021-11-01,2021,"Nov",22529,106547,25859
"QPM",2021-11-01,2021,"Nov",13216,64257,18310
"QR1",2021-11-01,2021,"Nov",11030,76580,17833
"QRL",2021-11-01,2021,"Nov",46496,197527,51119
"QRV",2021-11-01,2021,"Nov",55208,245234,67538
"QSL",2021-11-01,2021,"Nov",11419,56291,12734
"QT1",2021-11-01,2021,"Nov",30437,131664,33148
"QT6",2021-11-01,2021,"Nov",11859,49105,13760
"QU9",2021-11-01,2021,"Nov",34501,182396,43090
"QUA",2021-11-01,2021,"Nov",44525,199139,51760
"QUE",2021-11-01,2021,"Nov",28572,139525,32107
"QUY",2021-11-01,2021,"Nov",25557,131604,27436
"QVV",2021-11-01,2021,"Nov",16248,89083,19995
"QWE",2021-11-01,2021,"Nov",42823,162153,51098
"QWO",2021-11-01,2021,"Nov",57640,269716,69720
"QWU",2021-11-01,2021,"Nov",20407,111373,24818
"QXU",2021-11-01,2021,"Nov",29778,113939,32618
"QYG",2021-11-01,2021,"Nov",76757,347127,86122
"QE1",2021-12-01,2021,"Dec",32598,196041,39111
"QF7",2021-12-01,2021,"Dec",40845,194596,45399
"QGH",2021-12-01,2021,"Dec",11237,97090,15083
"QH8",2021-12-01,2021,"Dec",25042,150253,38406
"QHG",2021-12-01,2021,"Dec",15792,117612,23503
"QHL",2021-12-01,2021,"Dec",26436,258033,34365
"QHM",2021-12-01,2021,"Dec",79178,380373,95088
"QJ2",2021-12-01,2021,"Dec",19634,134977,24534
"QJG",2021-12-01,2021,"Dec",18148,108373,22415
"QJK",2021-12-01,2021,"Dec",27556,204375,34417
"QJM",2021-12-01,2021,"Dec",8140,68691,11710
"QK1",2021-12-01,2021,"Dec",16299,134361,17258
"QKK",2021-12-01,2021,"Dec",48505,255149,61874
"QKS",2021-12-01,2021,"Dec",31401,199646,37665
"QM7",2021-12-01,2021,"Dec",18384,135598,26167
"QMF",2021-12-01,2021,"Dec",31096,219729,43816
"QMJ",2021-12-01,2021,"Dec",39842,263322,49220
"QMM",2021-12-01,2021,"Dec",19541,139980,25436
"QNC",2021-12-01,2021,"Dec",15568,100091,17024
"QNQ",2021-12-01,2021,"Dec",10180,63458,12703
"QNX",2021-12-01,2021,"Dec",37675,222886,43180
"QOC",2021-12-01,2021,"Dec",10302,67849,10392
"QOP",2021-12-01,2021,"Dec",67309,503671,78541
"QOQ",2021-12-01,2021,"Dec",40939,195783,46076
"QOX",2021-12-01,2021,"Dec",19304,105702,21710
"QPM",2021-12-01,2021,"Dec",10684,65680,14949
"QR1",2021-12-01,2021,"Dec",9390,75634,14643
"QRL",2021-12-01,2021,"Dec",39490,198658,42778
"QRV",2021-12-01,2021,"Dec",47253,247004,55122
"QSL",2021-12-01,2021,"Dec",9226,56931,10723
"QT1",2021-12-01,2021,"Dec",25617,133958,30141
"QT6",2021-12-01,2021,"Dec",10052,49670,12374
"QU9",2021-12-01,2021,"Dec",28758,186896,38385
"QUA",2021-12-01,2021,"Dec",37979,203299,43915
"QUE",2021-12-01,2021,"Dec",24171,140291,27383
"QUY",2021-12-01,2021,"Dec",20082,132198,22879
"QVV",2021-12-01,2021,"Dec",13403,89785,17076
"QWE",2021-12-01,2021,"Dec",33977,166087,42851
"QWO",2021-12-01,2021,"Dec",49329,270123,60297
"QWU",2021-12-01,2021,"Dec",17392,115304,21574
"QXU",2021-12-01,2021,"Dec",23938,115214,27467
"QYG",2021-12-01,2021,"Dec",63353,352901,74124
"QE1",2022-01-01,2022,"Jan",32276,192054,41035
"QF7",2022-01-01,2022,"Jan",41834,197582,47142
"QGH",2022-01-01,2022,"Jan",12379,96600,16401
"QH8",2022-01-01,2022,"Jan",24925,152813,41200
"QHG",2022-01-01,2022,"Jan",15201,119125,24448
"QHL",2022-01-01,2022,"Jan",30029,245746,37031
"QHM",2022-01-01,2022,"Jan",82560,383430,102746
"QJ2",2022-01-01,2022,"Jan",20421,136816,26587
"QJG",2022-01-01,2022,"Jan",20371,109760,24681
"QJK",2022-01-01,2022,"Jan",30255,205869,34629
"QJM",2022-01-01,2022,"Jan",8920,70326,11675
"QK1",2022-01-01,2022,"Jan",18067,136878,19797
"QKK",2022-01-01,2022,"Jan",49248,262200,66058
"QKS",2022-01-01,2022,"Jan",33553,201907,40251
"QM7",2022-01-01,2022,"Jan",19445,142753,27880
"QMF",2022-01-01,2022,"Jan",32602,222061,46056
"QMJ",2022-01-01,2022,"Jan",43333,264669,54097
"QMM",2022-01-01,2022,"Jan",21363,140398,26464
"QNC",2022-01-01,2022,"Jan",15591,97393,18108
"QNQ",2022-01-01,2022,"Jan",10539,63969,13331
"QNX",2022-01-01,2022,"Jan",42631,219085,45818
"QOC",2022-01-01,2022,"Jan",10811,68428,10886
"QOP",2022-01-01,2022,"Jan",71261,515059,83615
"QOQ",2022-01-01,2022,"Jan",43989,198350,48456
"QOX",2022-01-01,2022,"Jan",19931,108596,23030
"QPM",2022-01-01,2022,"Jan",11011,66462,16289
"QR1",2022-01-01,2022,"Jan",11099,75997,16413
"QRL",2022-01-01,2022,"Jan",41181,197529,44605
"QRV",2022-01-01,2022,"Jan",52170,248808,59457
"QSL",2022-01-01,2022,"Jan",9560,57700,11937
"QT1",2022-01-01,2022,"Jan",26659,137541,30296
"QT6",2022-01-01,2022,"Jan",10679,48866,12755
"QU9",2022-01-01,2022,"Jan",31342,180248,39355
"QUA",2022-01-01,2022,"Jan",39039,206791,46255
"QUE",2022-01-01,2022,"Jan",23956,140313,27032
"QUY",2022-01-01,2022,"Jan",22169,134589,25241
"QVV",2022-01-01,2022,"Jan",14330,89861,18325
"QWE",2022-01-01,2022,"Jan",38523,165813,46294
"QWO",2022-01-01,2022,"Jan",49341,265483,62310
"QWU",2022-01-01,2022,"Jan",17487,115634,22656
"QXU",2022-01-01,2022,"Jan",25320,114389,28257
"QYG",2022-01-01,2022,"Jan",67204,366545,78933
"QE1",2022-02-01,2022,"Feb",33903,193085,42298
"QF7",2022-02-01,2022,"Feb",41879,203134,48394
"QGH",2022-02-01,2022,"Feb",12195,96370,16014
"QH8",2022-02-01,2022,"Feb",25965,161106,39328
"QHG",2022-02-01,2022,"Feb",18041,120424,24523
"QHL",2022-02-01,2022,"Feb",30102,229823,38086
"QHM",2022-02-01,2022,"Feb",85034,390294,106789
"QJ2",2022-02-01,2022,"Feb",21054,138213,26569
"QJG",2022-02-01,2022,"Feb",19838,111441,25112
"QJK",2022-02-01,2022,"Feb",28996,207495,35378
"QJM",2022-02-01,2022,"Feb",8930,73006,12566
"QK1",2022-02-01,2022,"Feb",18364,139343,19797
"QKK",2022-02-01,2022,"Feb",53170,270420,67228
"QKS",2022-02-01,2022,"Feb",35607,203825,40194
"QM7",2022-02-01,2022,"Feb",20759,145462,27960
"QMF",2022-02-01,2022,"Feb",33329,224649,47009
"QMJ",2022-02-01,2022,"Feb",43816,267542,54932
"QMM",2022-02-01,2022,"Feb",22245,141429,28036
"QNC",2022-02-01,2022,"Feb",15048,100263,18629
"QNQ",2022-02-01,2022,"Feb",10575,64844,13739
"QNX",2022-02-01,2022,"Feb",42532,220074,47875
"QOC",2022-02-01,2022,"Feb",11021,70148,11833
"QOP",2022-02-01,2022,"Feb",73299,521553,88359
"QOQ",2022-02-01,2022,"Feb",43962,201464,49476
"QOX",2022-02-01,2022,"Feb",20129,108495,22725
"QPM",2022-02-01,2022,"Feb",11497,68546,16257
"QR1",2022-02-01,2022,"Feb",10447,74836,15732
"QRL",2022-02-01,2022,"Feb",40197,198998,45279
"QRV",2022-02-01,2022,"Feb",50886,253608,60137
"QSL",2022-02-01,2022,"Feb",9693,59185,11439
"QT1",2022-02-01,2022,"Feb",27703,135901,32056
"QT6",2022-02-01,2022,"Feb",10128,49997,12755
"QU9",2022-02-01,2022,"Feb",30877,180669,39313
"QUA",2022-02-01,2022,"Feb",40655,211473,47913
"QUE",2022-02-01,2022,"Feb",24417,140783,28256
"QUY",2022-02-01,2022,"Feb",22069,136721,25346
"QVV",2022-02-01,2022,"Feb",13609,92264,18690
"QWE",2022-02-01,2022,"Feb",37946,168640,47153
"QWO",2022-02-01,2022,"Feb",50592,261280,63572
"QWU",2022-02-01,2022,"Feb",17494,117396,22477
"QXU",2022-02-01,2022,"Feb",24788,117526,29547
"QYG",2022-02-01,2022,"Feb",69733,373579,82759
"QE1",2022-03-01,2022,"Mar",44947,225115,53354
"QF7",2022-03-01,2022,"Mar",48977,209051,58117
"QGH",2022-03-01,2022,"Mar",13204,97811,17949
"QH8",2022-03-01,2022,"Mar",29317,170555,47566
"QHG",2022-03-01,2022,"Mar",18967,124129,28434
"QHL",2022-03-01,2022,"Mar",33632,237717,44702
"QHM",2022-03-01,2022,"Mar",99796,404180,124768
"QJ2",2022-03-01,2022,"Mar",22832,141535,29360
"QJG",2022-03-01,2022,"Mar",22780,112806,28602
"QJK",2022-03-01,2022,"Mar",32058,211837,40956
"QJM",2022-03-01,2022,"Mar",10551,77057,14881
"QK1",2022-03-01,2022,"Mar",20750,143819,23769
"QKK",2022-03-01,2022,"Mar",62030,271536,75364
"QKS",2022-03-01,2022,"Mar",39778,207396,45308
"QM7",2022-03-01,2022,"Mar",24410,153801,32748
"QMF",2022-03-01,2022,"Mar",37920,229274,54206
"QMJ",2022-03-01,2022,"Mar",49184,269693,63817
"QMM",2022-03-01,2022,"Mar",25079,142643,31402
"QNC",2022-03-01,2022,"Mar",18154,103676,21146
"QNQ",2022-03-01,2022,"Mar",11527,67502,15940
"QNX",2022-03-01,2022,"Mar",47620,224635,55124
"QOC",2022-03-01,2022,"Mar",12464,71991,13692
"QOP",2022-03-01,2022,"Mar",82673,527930,101925
"QOQ",2022-03-01,2022,"Mar",51642,206739,58278
"QOX",2022-03-01,2022,"Mar",22766,113043,27333
"QPM",2022-03-01,2022,"Mar",13880,74186,20024
"QR1",2022-03-01,2022,"Mar",11317,75883,16470
"QRL",2022-03-01,2022,"Mar",46892,199909,52296
"QRV",2022-03-01,2022,"Mar",57981,255005,68530
"QSL",2022-03-01,2022,"Mar",10746,60404,12902
"QT1",2022-03-01,2022,"Mar",32699,142277,35521
"QT6",2022-03-01,2022,"Mar",11034,52660,14519
"QU9",2022-03-01,2022,"Mar",34349,180820,43598
"QUA",2022-03-01,2022,"Mar",46868,215585,56277
"QUE",2022-03-01,2022,"Mar",28410,148002,33079
"QUY",2022-03-01,2022,"Mar",25176,140135,28211
"QVV",2022-03-01,2022,"Mar",15552,93753,21579
"QWE",2022-03-01,2022,"Mar",43672,172585,54657
"QWO",2022-03-01,2022,"Mar",57267,267232,71743
"QWU",2022-03-01,2022,"Mar",19783,119215,25713
"QXU",2022-03-01,2022,"Mar",28478,120403,33183
"QYG",2022-03-01,2022,"Mar",77384,383204,93431
"QE1",2022-04-01,2022,"Apr",36312,230327,45604
"QF7",2022-04-01,2022,"Apr",39244,215716,47749
"QGH",2022-04-01,2022,"Apr",10553,104017,15349
"QH8",2022-04-01,2022,"Apr",25847,179437,46426
"QHG",2022-04-01,2022,"Apr",16343,124646,23663
"QHL",2022-04-01,2022,"Apr",27024,240682,37072
"QHM",2022-04-01,2022,"Apr",74305,359165,93768
"QJ2",2022-04-01,2022,"Apr",19250,143628,25544
"QJG",2022-04-01,2022,"Apr",18104,116140,23555
"QJK",2022-04-01,2022,"Apr",28458,215766,35915
"QJM",2022-04-01,2022,"Apr",9399,76334,12195
"QK1",2022-04-01,2022,"Apr",16938,148000,19897
"QKK",2022-04-01,2022,"Apr",49976,275345,64492
"QKS",2022-04-01,2022,"Apr",33167,212884,37708
"QM7",2022-04-01,2022,"Apr",19881,158514,27343
"QMF",2022-04-01,2022,"Apr",30707,237763,45878
"QMJ",2022-04-01,2022,"Apr",41507,272962,53932
"QMM",2022-04-01,2022,"Apr",19080,145329,26262
"QNC",2022-04-01,2022,"Apr",15333,103915,17812
"QNQ",2022-04-01,2022,"Apr",9110,71606,13501
"QNX",2022-04-01,2022,"Apr",37831,229393,46513
"QOC",2022-04-01,2022,"Apr",9817,74814,11477
"QOP",2022-04-01,2022,"Apr",70122,533791,81738
"QOQ",2022-04-01,2022,"Apr",41987,210970,47795
"QOX",2022-04-01,2022,"Apr",19482,113914,22488
"QPM",2022-04-01,2022,"Apr",12346,73648,16169
"QR1",2022-04-01,2022,"Apr",9238,77310,15758
"QRL",2022-04-01,2022,"Apr",39203,203866,43382
"QRV",2022-04-01,2022,"Apr",46693,265496,57022
"QSL",2022-04-01,2022,"Apr",8787,61452,11155
"QT1",2022-04-01,2022,"Apr",23727,143532,29886
"QT6",2022-04-01,2022,"Apr",10111,53466,12609
"QU9",2022-04-01,2022,"Apr",29293,183137,37349
"QUA",2022-04-01,2022,"Apr",36181,223349,45481
"QUE",2022-04-01,2022,"Apr",24405,151465,28890
"QUY",2022-04-01,2022,"Apr",20893,142940,26457
"QVV",2022-04-01,2022,"Apr",13609,98948,19896
"QWE",2022-04-01,2022,"Apr",34838,177489,44950
"QWO",2022-04-01,2022,"Apr",49050,267393,61891
"QWU",2022-04-01,2022,"Apr",16576,124108,22236
"QXU",2022-04-01,2022,"Apr",22164,122809,27096
"QYG",2022-04-01,2022,"Apr",63171,395053,76703
"QE1",2022-05-01,2022,"May",40331,217666,50355
"QF7",2022-05-01,2022,"May",44835,222431,55005
"QGH",2022-05-01,2022,"May",13238,106447,18619
"QH8",2022-05-01,2022,"May",29666,185470,53670
"QHG",2022-05-01,2022,"May",19590,125920,27557
"QHL",2022-05-01,2022,"May",31686,244333,41404
"QHM",2022-05-01,2022,"May",96191,422240,120611
"QJ2",2022-05-01,2022,"May",21737,147990,29532
"QJG",2022-05-01,2022,"May",21753,120545,28351
"QJK",2022-05-01,2022,"May",33680,219953,41977
"QJM",2022-05-01,2022,"May",11060,77674,13991
"QK1",2022-05-01,2022,"May",20492,147813,23571
"QKK",2022-05-01,2022,"May",59761,279235,74036
"QKS",2022-05-01,2022,"May",39508,214235,44140
"QM7",2022-05-01,2022,"May",24571,164718,32497
"QMF",2022-05-01,2022,"May",36746,241428,52076
"QMJ",2022-05-01,2022,"May",48698,274563,61574
"QMM",2022-05-01,2022,"May",23990,149566,31849
"QNC",2022-05-01,2022,"May",17592,106782,21448
"QNQ",2022-05-01,2022,"May",10125,74930,16054
"QNX",2022-05-01,2022,"May",44910,237998,55046
"QOC",2022-05-01,2022,"May",12092,75738,12182
"QOP",2022-05-01,2022,"May",82644,538489,96054
"QOQ",2022-05-01,2022,"May",48928,216638,54656
"QOX",2022-05-01,2022,"May",23182,117568,27228
"QPM",2022-05-01,2022,"May",14656,75548,19057
"QR1",2022-05-01,2022,"May",10904,77167,16197
"QRL",2022-05-01,2022,"May",47100,207506,51475
"QRV",2022-05-01,2022,"May",55969,272228,66453
"QSL",2022-05-01,2022,"May",10936,62309,13383
"QT1",2022-05-01,2022,"May",28930,147890,34763
"QT6",2022-05-01,2022,"May",11418,54519,14536
"QU9",2022-05-01,2022,"May",33667,184001,41686
"QUA",2022-05-01,2022,"May",42199,229292,52420
"QUE",2022-05-01,2022,"May",29046,154276,33740
"QUY",2022-05-01,2022,"May",24604,145719,30759
"QVV",2022-05-01,2022,"May",17372,112475,25791
"QWE",2022-05-01,2022,"May",42785,181858,52938
"QWO",2022-05-01,2022,"May",57312,271428,70922
"QWU",2022-05-01,2022,"May",19485,124966,25575
"QXU",2022-05-01,2022,"May",13635,55006,16494
"QYG",2022-05-01,2022,"May",76249,404462,88834
"QE1",2022-06-01,2022,"Jun",38879,225009,46902
"QF7",2022-06-01,2022,"Jun",41053,229208,49271
"QGH",2022-06-01,2022,"Jun",12641,107281,16660
"QH8",2022-06-01,2022,"Jun",26741,188357,45790
"QHG",2022-06-01,2022,"Jun",17505,129452,24709
"QHL",2022-06-01,2022,"Jun",29386,248405,37627
"QHM",2022-06-01,2022,"Jun",91560,427009,111510
"QJ2",2022-06-01,2022,"Jun",21174,150565,27723
"QJG",2022-06-01,2022,"Jun",20059,124546,26587
"QJK",2022-06-01,2022,"Jun",31844,222302,37947
"QJM",2022-06-01,2022,"Jun",10071,78390,12549
"QK1",2022-06-01,2022,"Jun",19686,147081,21475
"QKK",2022-06-01,2022,"Jun",55935,279219,67603
"QKS",2022-06-01,2022,"Jun",38695,212697,43158
"QM7",2022-06-01,2022,"Jun",23299,165205,29450
"QMF",2022-06-01,2022,"Jun",34987,244473,50056
"QMJ",2022-06-01,2022,"Jun",43939,277530,56896
"QMM",2022-06-01,2022,"Jun",22600,152507,29194
"QNC",2022-06-01,2022,"Jun",16813,107283,20352
"QNQ",2022-06-01,2022,"Jun",9117,75748,12341
"QNX",2022-06-01,2022,"Jun",42269,244357,50846
"QOC",2022-06-01,2022,"Jun",11240,76403,11774
"QOP",2022-06-01,2022,"Jun",79254,552063,89215
"QOQ",2022-06-01,2022,"Jun",44876,220008,50088
"QOX",2022-06-01,2022,"Jun",20991,122112,24903
"QPM",2022-06-01,2022,"Jun",14129,77585,18664
"QR1",2022-06-01,2022,"Jun",10321,79152,16239
"QRL",2022-06-01,2022,"Jun",44834,209793,47127
"QRV",2022-06-01,2022,"Jun",51311,276161,58733
"QSL",2022-06-01,2022,"Jun",10087,63524,12178
"QT1",2022-06-01,2022,"Jun",27176,150036,31811
"QT6",2022-06-01,2022,"Jun",10638,55628,12966
"QU9",2022-06-01,2022,"Jun",31128,186957,40819
"QUA",2022-06-01,2022,"Jun",40442,235217,49186
"QUE",2022-06-01,2022,"Jun",26068,155898,30775
"QUY",2022-06-01,2022,"Jun",22396,151128,29340
"QVV",2022-06-01,2022,"Jun",16908,112297,22802
"QWE",2022-06-01,2022,"Jun",39464,184578,48404
"QWO",2022-06-01,2022,"Jun",54892,276490,66541
"QWU",2022-06-01,2022,"Jun",17828,128757,24139
"QXU",2022-06-01,2022,"Jun",11849,57120,15513
"QYG",2022-06-01,2022,"Jun",71005,409591,82647
"QE1",2022-07-01,2022,"Jul",38287,226572,47723
"QF7",2022-07-01,2022,"Jul",41096,232341,48586
"QGH",2022-07-01,2022,"Jul",11903,108971,16597
"QH8",2022-07-01,2022,"Jul",27967,196980,47988
"QHG",2022-07-01,2022,"Jul",18256,134703,25457
"QHL",2022-07-01,2022,"Jul",44825,321697,52271
"QHM",2022-07-01,2022,"Jul",89375,435390,109904
"QJ2",2022-07-01,2022,"Jul",21822,155598,28937
"QJG",2022-07-01,2022,"Jul",19847,128958,26939
"QJK",2022-07-01,2022,"Jul",32718,225921,39591
"QJM",2022-07-01,2022,"Jul",9529,80134,12869
"QK1",2022-07-01,2022,"Jul",19273,147227,20720
"QKK",2022-07-01,2022,"Jul",54128,280876,66367
"QKS",2022-07-01,2022,"Jul",41216,217868,46008
"QM7",2022-07-01,2022,"Jul",21553,168184,30261
"QMF",2022-07-01,2022,"Jul",35539,246428,49002
"QMJ",2022-07-01,2022,"Jul",44180,280955,57194
"QMM",2022-07-01,2022,"Jul",21750,158721,30199
"QNC",2022-07-01,2022,"Jul",16131,108800,20609
"QNQ",2022-07-01,2022,"Jul",241,865,232
"QNX",2022-07-01,2022,"Jul",40296,252341,49919
"QOC",2022-07-01,2022,"Jul",11333,77872,11584
"QOP",2022-07-01,2022,"Jul",75479,569572,92259
"QOQ",2022-07-01,2022,"Jul",45161,224228,50710
"QOX",2022-07-01,2022,"Jul",19712,126375,24492
"QPM",2022-07-01,2022,"Jul",13969,79852,18197
"QR1",2022-07-01,2022,"Jul",10274,81961,17137
"QRL",2022-07-01,2022,"Jul",43779,213423,47561
"QRV",2022-07-01,2022,"Jul",51272,283113,61929
"QSL",2022-07-01,2022,"Jul",9915,63021,12567
"QT1",2022-07-01,2022,"Jul",27177,150409,30512
"QT6",2022-07-01,2022,"Jul",10525,57062,13302
"QU9",2022-07-01,2022,"Jul",31002,186108,40096
"QUA",2022-07-01,2022,"Jul",24814,169382,33508
"QUE",2022-07-01,2022,"Jul",25131,160464,30427
"QUY",2022-07-01,2022,"Jul",21859,155935,29986
"QVV",2022-07-01,2022,"Jul",16355,113228,23501
"QWE",2022-07-01,2022,"Jul",39402,187962,48010
"QWO",2022-07-01,2022,"Jul",53778,279694,67547
"QWU",2022-07-01,2022,"Jul",18037,131419,24316
"QXU",2022-07-01,2022,"Jul",15880,95342,19885
"QYG",2022-07-01,2022,"Jul",69699,416049,82363
"QE1",2022-08-01,2022,"Aug",39097,232541,48088
"QF7",2022-08-01,2022,"Aug",42280,236780,49466
"QGH",2022-08-01,2022,"Aug",12627,110862,17184
"QH8",2022-08-01,2022,"Aug",27512,187798,47103
"QHG",2022-08-01,2022,"Aug",18841,138090,25650
"QHL",2022-08-01,2022,"Aug",50584,323742,56249
"QHM",2022-08-01,2022,"Aug",92370,443862,113970
"QJ2",2022-08-01,2022,"Aug",21482,158194,29537
"QJG",2022-08-01,2022,"Aug",20830,128913,26984
"QJK",2022-08-01,2022,"Aug",34894,219787,38703
"QJM",2022-08-01,2022,"Aug",10281,81714,13010
"QK1",2022-08-01,2022,"Aug",21269,149698,22845
"QKK",2022-08-01,2022,"Aug",55937,288825,69717
"QKS",2022-08-01,2022,"Aug",40782,220575,47200
"QM7",2022-08-01,2022,"Aug",22721,175227,32941
"QMF",2022-08-01,2022,"Aug",35800,249081,48923
"QMJ",2022-08-01,2022,"Aug",44276,278087,57259
"QMM",2022-08-01,2022,"Aug",22855,160187,29574
"QNC",2022-08-01,2022,"Aug",18008,106413,20934
"QNQ",2022-08-01,2022,"Aug",336,948,254
"QNX",2022-08-01,2022,"Aug",43823,260680,52844
"QOC",2022-08-01,2022,"Aug",11206,79049,12114
"QOP",2022-08-01,2022,"Aug",78062,580045,91634
"QOQ",2022-08-01,2022,"Aug",47633,228151,51931
"QOX",2022-08-01,2022,"Aug",20510,128221,24279
"QPM",2022-08-01,2022,"Aug",14116,80413,17968
"QR1",2022-08-01,2022,"Aug",10583,83425,17816
"QRL",2022-08-01,2022,"Aug",44251,218203,48611
"QRV",2022-08-01,2022,"Aug",52431,289990,63087
"QSL",2022-08-01,2022,"Aug",10240,63432,12560
"QT1",2022-08-01,2022,"Aug",27166,154528,32406
"QT6",2022-08-01,2022,"Aug",11237,58218,13840
"QU9",2022-08-01,2022,"Aug",31778,187358,41244
"QUA",2022-08-01,2022,"Aug",25459,174016,33449
"QUE",2022-08-01,2022,"Aug",26183,163791,31106
"QUY",2022-08-01,2022,"Aug",26790,158638,32540
"QVV",2022-08-01,2022,"Aug",17012,113344,22911
"QWE",2022-08-01,2022,"Aug",39462,190565,48507
"QWO",2022-08-01,2022,"Aug",56425,284288,69978
"QWU",2022-08-01,2022,"Aug",19213,132463,25045
"QXU",2022-08-01,2022,"Aug",22696,154267,30329
"QYG",2022-08-01,2022,"Aug",72874,426061,85145
"QE1",2022-09-01,2022,"Sep",41742,232999,48966
"QF7",2022-09-01,2022,"Sep",44184,238348,48793
"QGH",2022-09-01,2022,"Sep",13144,112033,16213
"QH8",2022-09-01,2022,"Sep",30269,192519,48053
"QHG",2022-09-01,2022,"Sep",18472,141246,25769
"QHL",2022-09-01,2022,"Sep",49584,327545,56791
"QHM",2022-09-01,2022,"Sep",96322,443607,113409
"QJ2",2022-09-01,2022,"Sep",21398,160005,29180
"QJG",2022-09-01,2022,"Sep",20735,131363,26897
"QJK",2022-09-01,2022,"Sep",35630,221417,39010
"QJM",2022-09-01,2022,"Sep",10441,82552,12323
"QK1",2022-09-01,2022,"Sep",20973,148890,22086
"QKK",2022-09-01,2022,"Sep",58372,286174,69683
"QKS",2022-09-01,2022,"Sep",43120,220712,45119
"QM7",2022-09-01,2022,"Sep",24702,176056,31057
"QMF",2022-09-01,2022,"Sep",37271,249030,49079
"QMJ",2022-09-01,2022,"Sep",45296,278025,56859
"QMM",2022-09-01,2022,"Sep",23257,161224,28234
"QNC",2022-09-01,2022,"Sep",17610,106437,20962
"QNQ",2022-09-01,2022,"Sep",329,858,193
"QNX",2022-09-01,2022,"Sep",45372,261340,50295
"QOC",2022-09-01,2022,"Sep",12005,78790,11530
"QOP",2022-09-01,2022,"Sep",69248,588699,85451
"QOQ",2022-09-01,2022,"Sep",48266,226666,50232
"QOX",2022-09-01,2022,"Sep",21463,129992,25177
"QPM",2022-09-01,2022,"Sep",14443,80629,17619
"QR1",2022-09-01,2022,"Sep",11224,83929,17840
"QRL",2022-09-01,2022,"Sep",46153,219481,48401
"QRV",2022-09-01,2022,"Sep",54999,294570,62145
"QSL",2022-09-01,2022,"Sep",10468,64370,12645
"QT1",2022-09-01,2022,"Sep",29057,157737,33417
"QT6",2022-09-01,2022,"Sep",11239,59263,13814
"QU9",2022-09-01,2022,"Sep",31946,190669,41019
"QUA",2022-09-01,2022,"Sep",26258,177447,33280
"QUE",2022-09-01,2022,"Sep",27163,166754,31773
"QUY",2022-09-01,2022,"Sep",26354,158011,30597
"QVV",2022-09-01,2022,"Sep",16668,111661,22209
"QWE",2022-09-01,2022,"Sep",40498,192366,49970
"QWO",2022-09-01,2022,"Sep",56486,287302,67812
"QWU",2022-09-01,2022,"Sep",19047,133733,23931
"QXU",2022-09-01,2022,"Sep",24677,163598,33657
"QYG",2022-09-01,2022,"Sep",74820,434507,85515
"QE1",2020-08-01,2020,"Aug",22800,144861,32641
"QF7",2020-08-01,2020,"Aug",27627,135096,33012
"QGH",2020-08-01,2020,"Aug",7390,73176,12200
"QH8",2020-08-01,2020,"Aug",17372,119355,24481
"QHG",2020-08-01,2020,"Aug",12479,80250,18696
"QHL",2020-08-01,2020,"Aug",19028,151489,29165
"QHM",2020-08-01,2020,"Aug",54196,273278,77131
"QJ2",2020-08-01,2020,"Aug",14108,89994,17136
"QJG",2020-08-01,2020,"Aug",11458,93820,15605
"QJK",2020-08-01,2020,"Aug",19984,131390,30123
"QJM",2020-08-01,2020,"Aug",6985,51685,9194
"QK1",2020-08-01,2020,"Aug",13629,90748,16323
"QKK",2020-08-01,2020,"Aug",38815,198381,47534
"QKS",2020-08-01,2020,"Aug",23126,147333,29332
"QM7",2020-08-01,2020,"Aug",17773,103384,27583
"QMF",2020-08-01,2020,"Aug",21557,178429,33804
"QMJ",2020-08-01,2020,"Aug",19379,129522,25195
"QMM",2020-08-01,2020,"Aug",14116,101736,21964
"QNC",2020-08-01,2020,"Aug",10727,59059,12617
"QNQ",2020-08-01,2020,"Aug",7057,45105,9189
"QNX",2020-08-01,2020,"Aug",26990,156581,36110
"QOC",2020-08-01,2020,"Aug",6864,53720,9377
"QOP",2020-08-01,2020,"Aug",49264,374137,69925
"QOQ",2020-08-01,2020,"Aug",27941,159701,34951
"QOX",2020-08-01,2020,"Aug",12575,82534,18115
"QPM",2020-08-01,2020,"Aug",7127,49891,10283
"QR1",2020-08-01,2020,"Aug",6340,66907,11549
"QRL",2020-08-01,2020,"Aug",26662,160858,31532
"QRV",2020-08-01,2020,"Aug",33520,183754,46657
"QSL",2020-08-01,2020,"Aug",5766,42104,7819
"QT1",2020-08-01,2020,"Aug",18207,97382,24532
"QT6",2020-08-01,2020,"Aug",8592,36341,9793
"QU9",2020-08-01,2020,"Aug",19728,155631,26556
"QUA",2020-08-01,2020,"Aug",26240,134608,35034
"QUE",2020-08-01,2020,"Aug",17419,92682,22235
"QUY",2020-08-01,2020,"Aug",15336,100380,20323
"QVV",2020-08-01,2020,"Aug",10809,73356,14278
"QWE",2020-08-01,2020,"Aug",24566,136439,32003
"QWO",2020-08-01,2020,"Aug",28697,170152,38343
"QWU",2020-08-01,2020,"Aug",10905,74360,12965
"QXU",2020-08-01,2020,"Aug",18352,86248,25252
"QYG",2020-08-01,2020,"Aug",45890,253351,57819
"QE1",2020-12-01,2020,"Dec",29574,156958,36154
"QF7",2020-12-01,2020,"Dec",36252,144959,38442
"QGH",2020-12-01,2020,"Dec",10903,74916,13882
"QH8",2020-12-01,2020,"Dec",23571,114892,27794
"QHG",2020-12-01,2020,"Dec",15378,81021,20129
"QHL",2020-12-01,2020,"Dec",19614,181917,36066
"QHM",2020-12-01,2020,"Dec",68452,295239,82281
"QJ2",2020-12-01,2020,"Dec",17470,101163,19462
"QJG",2020-12-01,2020,"Dec",15602,92615,17878
"QJK",2020-12-01,2020,"Dec",21616,156611,31175
"QJM",2020-12-01,2020,"Dec",8712,50947,7514
"QK1",2020-12-01,2020,"Dec",15797,99643,19506
"QKK",2020-12-01,2020,"Dec",47363,194855,57647
"QKS",2020-12-01,2020,"Dec",26393,151940,32142
"QM7",2020-12-01,2020,"Dec",21747,101094,28138
"QMF",2020-12-01,2020,"Dec",28608,182185,38137
"QMJ",2020-12-01,2020,"Dec",26444,128638,31441
"QMM",2020-12-01,2020,"Dec",16058,109352,23307
"QNC",2020-12-01,2020,"Dec",13140,65951,14934
"QNQ",2020-12-01,2020,"Dec",8934,47391,11955
"QNX",2020-12-01,2020,"Dec",37805,178820,42176
"QOC",2020-12-01,2020,"Dec",9904,55037,10520
"QOP",2020-12-01,2020,"Dec",62132,392399,76925
"QOQ",2020-12-01,2020,"Dec",33514,167941,39143
"QOX",2020-12-01,2020,"Dec",18013,91418,21239
"QPM",2020-12-01,2020,"Dec",9072,48051,11467
"QR1",2020-12-01,2020,"Dec",8321,65701,12870
"QRL",2020-12-01,2020,"Dec",31738,165030,35876
"QRV",2020-12-01,2020,"Dec",42476,187101,50879
"QSL",2020-12-01,2020,"Dec",7824,44062,8703
"QT1",2020-12-01,2020,"Dec",22527,107833,26678
"QT6",2020-12-01,2020,"Dec",10122,35297,11181
"QU9",2020-12-01,2020,"Dec",26249,152547,33297
"QUA",2020-12-01,2020,"Dec",29827,142814,38766
"QUE",2020-12-01,2020,"Dec",23198,98854,24981
"QUY",2020-12-01,2020,"Dec",21923,105653,23682
"QVV",2020-12-01,2020,"Dec",12934,77323,16504
"QWE",2020-12-01,2020,"Dec",31282,136897,37026
"QWO",2020-12-01,2020,"Dec",35351,194310,44461
"QWU",2020-12-01,2020,"Dec",15328,77275,18127
"QXU",2020-12-01,2020,"Dec",21386,89506,26494
"QYG",2020-12-01,2020,"Dec",56852,261687,65540
"QE1",2021-01-01,2021,"Jan",31404,172963,39389
"QF7",2021-01-01,2021,"Jan",37509,142114,36906
"QGH",2021-01-01,2021,"Jan",7940,75843,11841
"QH8",2021-01-01,2021,"Jan",20078,115509,24772
"QHG",2021-01-01,2021,"Jan",13449,86083,20056
"QHL",2021-01-01,2021,"Jan",18254,193710,34567
"QHM",2021-01-01,2021,"Jan",64840,298719,80136
"QJ2",2021-01-01,2021,"Jan",16806,102230,17799
"QJG",2021-01-01,2021,"Jan",12514,93463,15230
"QJK",2021-01-01,2021,"Jan",22632,159325,28740
"QJM",2021-01-01,2021,"Jan",10178,48246,7528
"QK1",2021-01-01,2021,"Jan",13655,103689,17957
"QKK",2021-01-01,2021,"Jan",36170,200230,47902
"QKS",2021-01-01,2021,"Jan",22288,157780,29159
"QM7",2021-01-01,2021,"Jan",19516,104315,26555
"QMF",2021-01-01,2021,"Jan",24306,184780,33091
"QMJ",2021-01-01,2021,"Jan",23081,129449,27209
"QMM",2021-01-01,2021,"Jan",12964,111585,19499
"QNC",2021-01-01,2021,"Jan",14162,68784,16229
"QNQ",2021-01-01,2021,"Jan",6109,49446,9790
"QNX",2021-01-01,2021,"Jan",35009,181243,35587
"QOC",2021-01-01,2021,"Jan",8957,56366,9653
"QOP",2021-01-01,2021,"Jan",64270,401274,79051
"QOQ",2021-01-01,2021,"Jan",34408,168571,39384
"QOX",2021-01-01,2021,"Jan",17543,91416,19181
"QPM",2021-01-01,2021,"Jan",8539,49032,12064
"QR1",2021-01-01,2021,"Jan",7388,69685,13543
"QRL",2021-01-01,2021,"Jan",32043,167709,34310
"QRV",2021-01-01,2021,"Jan",36455,188204,43651
"QSL",2021-01-01,2021,"Jan",7565,44500,8813
"QT1",2021-01-01,2021,"Jan",22415,110520,26735
"QT6",2021-01-01,2021,"Jan",9510,36059,9923
"QU9",2021-01-01,2021,"Jan",24609,154871,30744
"QUA",2021-01-01,2021,"Jan",24421,149267,38369
"QUE",2021-01-01,2021,"Jan",18820,99038,21223
"QUY",2021-01-01,2021,"Jan",20280,106152,23003
"QVV",2021-01-01,2021,"Jan",10852,78221,14228
"QWE",2021-01-01,2021,"Jan",27477,137514,33165
"QWO",2021-01-01,2021,"Jan",40543,207662,50567
"QWU",2021-01-01,2021,"Jan",13180,79865,15824
"QXU",2021-01-01,2021,"Jan",20743,92356,24805
"QYG",2021-01-01,2021,"Jan",52780,268354,61486
"QE1",2020-06-01,2020,"Jun",20999,133328,27427
"QF7",2020-06-01,2020,"Jun",22252,123837,27990
"QGH",2020-06-01,2020,"Jun",6248,67359,11195
"QH8",2020-06-01,2020,"Jun",17650,113701,22990
"QHG",2020-06-01,2020,"Jun",11665,74947,16230
"QHL",2020-06-01,2020,"Jun",18182,143062,23972
"QHM",2020-06-01,2020,"Jun",45825,250476,59500
"QJ2",2020-06-01,2020,"Jun",12476,86078,14276
"QJG",2020-06-01,2020,"Jun",8588,88899,12940
"QJK",2020-06-01,2020,"Jun",19190,122576,26952
"QJM",2020-06-01,2020,"Jun",6822,45999,8332
"QK1",2020-06-01,2020,"Jun",12644,86890,15574
"QKK",2020-06-01,2020,"Jun",44566,202693,50803
"QKS",2020-06-01,2020,"Jun",21998,140434,24570
"QM7",2020-06-01,2020,"Jun",17078,93367,22359
"QMF",2020-06-01,2020,"Jun",17917,169865,25021
"QMJ",2020-06-01,2020,"Jun",18025,123417,20653
"QMM",2020-06-01,2020,"Jun",13735,94407,18563
"QNC",2020-06-01,2020,"Jun",8820,53644,9641
"QNQ",2020-06-01,2020,"Jun",5293,44476,7619
"QNX",2020-06-01,2020,"Jun",25566,147732,31164
"QOC",2020-06-01,2020,"Jun",6666,48758,7794
"QOP",2020-06-01,2020,"Jun",41566,343878,56233
"QOQ",2020-06-01,2020,"Jun",23449,148522,31643
"QOX",2020-06-01,2020,"Jun",13007,77051,16773
"QPM",2020-06-01,2020,"Jun",6798,46423,9317
"QR1",2020-06-01,2020,"Jun",6411,64676,11688
"QRL",2020-06-01,2020,"Jun",27607,151285,28047
"QRV",2020-06-01,2020,"Jun",34249,174566,35710
"QSL",2020-06-01,2020,"Jun",4750,40366,6430
"QT1",2020-06-01,2020,"Jun",18227,88813,21260
"QT6",2020-06-01,2020,"Jun",7402,35795,8606
"QU9",2020-06-01,2020,"Jun",19565,131318,24350
"QUA",2020-06-01,2020,"Jun",25189,125630,31527
"QUE",2020-06-01,2020,"Jun",7945,50259,10855
"QUY",2020-06-01,2020,"Jun",13735,92528,17115
"QVV",2020-06-01,2020,"Jun",9277,69962,11852
"QWE",2020-06-01,2020,"Jun",22345,128736,27586
"QWO",2020-06-01,2020,"Jun",24488,153155,27583
"QWU",2020-06-01,2020,"Jun",10579,72546,10113
"QXU",2020-06-01,2020,"Jun",18397,79368,21396
"QYG",2020-06-01,2020,"Jun",43251,233094,49268
"QE1",2020-05-01,2020,"May",14976,130454,17552
"QF7",2020-05-01,2020,"May",17407,118904,19418
"QGH",2020-05-01,2020,"May",4876,64277,7015
"QH8",2020-05-01,2020,"May",11296,106667,12712
"QHG",2020-05-01,2020,"May",7499,77557,11774
"QHL",2020-05-01,2020,"May",13860,142397,16722
"QHM",2020-05-01,2020,"May",32974,252785,35562
"QJ2",2020-05-01,2020,"May",8285,85403,9760
"QJG",2020-05-01,2020,"May",7322,84806,8976
"QJK",2020-05-01,2020,"May",15573,119483,19370
"QJM",2020-05-01,2020,"May",4646,44980,5741
"QK1",2020-05-01,2020,"May",9597,84630,10464
"QKK",2020-05-01,2020,"May",29269,204465,31552
"QKS",2020-05-01,2020,"May",13883,138189,16863
"QM7",2020-05-01,2020,"May",15183,94985,15982
"QMF",2020-05-01,2020,"May",14541,169481,17395
"QMJ",2020-05-01,2020,"May",14612,125230,14824
"QMM",2020-05-01,2020,"May",10016,92660,12703
"QNC",2020-05-01,2020,"May",6181,54671,5686
"QNQ",2020-05-01,2020,"May",4199,43383,4639
"QNX",2020-05-01,2020,"May",20728,145198,20829
"QOC",2020-05-01,2020,"May",4565,47998,5180
"QOP",2020-05-01,2020,"May",31430,339970,39963
"QOQ",2020-05-01,2020,"May",16503,144010,20744
"QOX",2020-05-01,2020,"May",7831,76923,10415
"QPM",2020-05-01,2020,"May",4636,47768,6749
"QR1",2020-05-01,2020,"May",4513,63081,7817
"QRL",2020-05-01,2020,"May",19794,152316,18512
"QRV",2020-05-01,2020,"May",31833,179904,24038
"QSL",2020-05-01,2020,"May",3628,39544,4301
"QT1",2020-05-01,2020,"May",14355,87175,15730
"QT6",2020-05-01,2020,"May",5649,35419,6785
"QU9",2020-05-01,2020,"May",13030,124755,15685
"QUA",2020-05-01,2020,"May",18321,125016,21039
"QUE",2020-05-01,2020,"May",6680,48339,6636
"QUY",2020-05-01,2020,"May",9688,90808,11256
"QVV",2020-05-01,2020,"May",6414,69348,7441
"QWE",2020-05-01,2020,"May",18250,127471,19376
"QWO",2020-05-01,2020,"May",16976,156516,18307
"QWU",2020-05-01,2020,"May",7762,73814,7217
"QXU",2020-05-01,2020,"May",14622,79944,14145
"QYG",2020-05-01,2020,"May",29744,231657,31440
"QE1",2020-10-01,2020,"Oct",31912,154283,40715
"QF7",2020-10-01,2020,"Oct",37886,142029,40826
"QGH",2020-10-01,2020,"Oct",11174,75866,14859
"QH8",2020-10-01,2020,"Oct",26537,114868,27918
"QHG",2020-10-01,2020,"Oct",15809,81173,22224
"QHL",2020-10-01,2020,"Oct",24910,166565,35739
"QHM",2020-10-01,2020,"Oct",71023,293100,91309
"QJ2",2020-10-01,2020,"Oct",19292,95903,22171
"QJG",2020-10-01,2020,"Oct",17634,96774,21280
"QJK",2020-10-01,2020,"Oct",23690,142118,32454
"QJM",2020-10-01,2020,"Oct",9633,53249,10751
"QK1",2020-10-01,2020,"Oct",17941,95330,21282
"QKK",2020-10-01,2020,"Oct",52825,194672,61731
"QKS",2020-10-01,2020,"Oct",33210,151148,38724
"QM7",2020-10-01,2020,"Oct",24853,104405,33043
"QMF",2020-10-01,2020,"Oct",31756,179333,43851
"QMJ",2020-10-01,2020,"Oct",29357,128638,34872
"QMM",2020-10-01,2020,"Oct",17241,96553,25377
"QNC",2020-10-01,2020,"Oct",14527,63204,17605
"QNQ",2020-10-01,2020,"Oct",10427,46531,13535
"QNX",2020-10-01,2020,"Oct",39376,177325,46043
"QOC",2020-10-01,2020,"Oct",10340,55330,11547
"QOP",2020-10-01,2020,"Oct",65425,385395,83722
"QOQ",2020-10-01,2020,"Oct",36780,164222,42533
"QOX",2020-10-01,2020,"Oct",19668,87910,23603
"QPM",2020-10-01,2020,"Oct",10658,50441,14362
"QR1",2020-10-01,2020,"Oct",9413,68955,15397
"QRL",2020-10-01,2020,"Oct",38362,166809,41184
"QRV",2020-10-01,2020,"Oct",46991,187025,57659
"QSL",2020-10-01,2020,"Oct",8218,41878,9433
"QT1",2020-10-01,2020,"Oct",24070,101054,28110
"QT6",2020-10-01,2020,"Oct",10818,36002,12595
"QU9",2020-10-01,2020,"Oct",28023,157412,35884
"QUA",2020-10-01,2020,"Oct",33689,139772,44872
"QUE",2020-10-01,2020,"Oct",24303,100554,29177
"QUY",2020-10-01,2020,"Oct",23124,106753,27434
"QVV",2020-10-01,2020,"Oct",13995,76527,17527
"QWE",2020-10-01,2020,"Oct",35576,136206,41308
"QWO",2020-10-01,2020,"Oct",40681,184733,49928
"QWU",2020-10-01,2020,"Oct",16094,75249,18246
"QXU",2020-10-01,2020,"Oct",23422,90751,30239
"QYG",2020-10-01,2020,"Oct",61549,257212,68388
"QE1",2020-09-01,2020,"Sep",30229,151553,40446
"QF7",2020-09-01,2020,"Sep",35589,139108,40208
"QGH",2020-09-01,2020,"Sep",9986,74980,14013
"QH8",2020-09-01,2020,"Sep",25438,111459,28862
"QHG",2020-09-01,2020,"Sep",14948,79917,18600
"QHL",2020-09-01,2020,"Sep",23925,159216,34306
"QHM",2020-09-01,2020,"Sep",67046,285465,88707
"QJ2",2020-09-01,2020,"Sep",17889,92629,20740
"QJG",2020-09-01,2020,"Sep",15246,96378,18984
"QJK",2020-09-01,2020,"Sep",23665,135664,33833
"QJM",2020-09-01,2020,"Sep",8999,53022,10919
"QK1",2020-09-01,2020,"Sep",16891,93496,20327
"QKK",2020-09-01,2020,"Sep",48802,198882,58380
"QKS",2020-09-01,2020,"Sep",30571,149308,35341
"QM7",2020-09-01,2020,"Sep",23195,105886,32075
"QMF",2020-09-01,2020,"Sep",27462,180463,40321
"QMJ",2020-09-01,2020,"Sep",26430,128293,31343
"QMM",2020-09-01,2020,"Sep",17389,104182,25732
"QNC",2020-09-01,2020,"Sep",13698,60594,14874
"QNQ",2020-09-01,2020,"Sep",10093,44833,11663
"QNX",2020-09-01,2020,"Sep",36659,173364,43904
"QOC",2020-09-01,2020,"Sep",9109,54400,11563
"QOP",2020-09-01,2020,"Sep",62137,380730,82076
"QOQ",2020-09-01,2020,"Sep",33456,164235,40536
"QOX",2020-09-01,2020,"Sep",16193,86333,22171
"QPM",2020-09-01,2020,"Sep",9181,50023,12860
"QR1",2020-09-01,2020,"Sep",8560,69009,14407
"QRL",2020-09-01,2020,"Sep",35534,165208,39158
"QRV",2020-09-01,2020,"Sep",42151,185781,54243
"QSL",2020-09-01,2020,"Sep",7751,41252,8579
"QT1",2020-09-01,2020,"Sep",24768,99924,29774
"QT6",2020-09-01,2020,"Sep",10143,36147,11729
"QU9",2020-09-01,2020,"Sep",25751,157855,34435
"QUA",2020-09-01,2020,"Sep",31809,136303,42093
"QUE",2020-09-01,2020,"Sep",22027,99368,28213
"QUY",2020-09-01,2020,"Sep",19803,103256,24362
"QVV",2020-09-01,2020,"Sep",13977,75443,17385
"QWE",2020-09-01,2020,"Sep",31808,137431,38567
"QWO",2020-09-01,2020,"Sep",37220,178805,47378
"QWU",2020-09-01,2020,"Sep",13877,76532,16442
"QXU",2020-09-01,2020,"Sep",23201,89889,30583
"QYG",2020-09-01,2020,"Sep",60170,255196,68311
