"ltla21_code","year","overall_score"
"E06000001","2015",88.3
"E06000001","2016",88.5
"E06000001","2017",86.3
"E06000001","2018",85.6
"E06000001","2019",85.4
"E06000001","2020",87.3
"E06000001","2021",87.2
"E06000002","2015",83.3
"E06000002","2016",82.5
"E06000002","2017",82.7
"E06000002","2018",80.9
"E06000002","2019",79.7
"E06000002","2020",79.1
"E06000002","2021",80.2
"E06000003","2015",96.6
"E06000003","2016",98
"E06000003","2017",97.9
"E06000003","2018",96.2
"E06000003","2019",95.7
"E06000003","2020",92.1
"E06000003","2021",92.5
"E06000004","2015",92.2
"E06000004","2016",94.1
"E06000004","2017",93.1
"E06000004","2018",92.1
"E06000004","2019",95.1
"E06000004","2020",96.1
"E06000004","2021",94.8
"E06000005","2015",96.4
"E06000005","2016",95.3
"E06000005","2017",95.1
"E06000005","2018",96.3
"E06000005","2019",98.2
"E06000005","2020",94.8
"E06000005","2021",94.7
"E06000047","2015",95.9
"E06000047","2016",98.2
"E06000047","2017",97.5
"E06000047","2018",96.7
"E06000047","2019",96.7
"E06000047","2020",95.7
"E06000047","2021",95.7
"E06000057","2015",102.2
"E06000057","2016",100.6
"E06000057","2017",101.7
"E06000057","2018",101
"E06000057","2019",102.2
"E06000057","2020",100.9
"E06000057","2021",100.9
"E08000021","2015",84.9
"E08000021","2016",86.8
"E08000021","2017",85.7
"E08000021","2018",86
"E08000021","2019",83.6
"E08000021","2020",87.4
"E08000021","2021",89
"E08000022","2015",101.8
"E08000022","2016",101.4
"E08000022","2017",100
"E08000022","2018",99.5
"E08000022","2019",100.9
"E08000022","2020",100.5
"E08000022","2021",98.7
"E08000023","2015",94.6
"E08000023","2016",95.7
"E08000023","2017",95.6
"E08000023","2018",94.3
"E08000023","2019",94.1
"E08000023","2020",93.3
"E08000023","2021",94.8
"E08000024","2015",92.6
"E08000024","2016",93.7
"E08000024","2017",94
"E08000024","2018",92
"E08000024","2019",90.2
"E08000024","2020",89.8
"E08000024","2021",91.4
"E08000037","2015",96.5
"E08000037","2016",97
"E08000037","2017",95
"E08000037","2018",95.4
"E08000037","2019",94.7
"E08000037","2020",92.8
"E08000037","2021",94
"E06000006","2015",93.2
"E06000006","2016",90.7
"E06000006","2017",92.1
"E06000006","2018",91.1
"E06000006","2019",91.8
"E06000006","2020",88.9
"E06000006","2021",91.6
"E06000007","2015",102.5
"E06000007","2016",104.1
"E06000007","2017",106.8
"E06000007","2018",103.3
"E06000007","2019",103.7
"E06000007","2020",104.4
"E06000007","2021",105.4
"E06000008","2015",91.9
"E06000008","2016",89.8
"E06000008","2017",93.6
"E06000008","2018",92.2
"E06000008","2019",91.4
"E06000008","2020",87.7
"E06000008","2021",86.7
"E06000009","2015",78.3
"E06000009","2016",79.8
"E06000009","2017",78.3
"E06000009","2018",77.5
"E06000009","2019",78.7
"E06000009","2020",78
"E06000009","2021",76.5
"E06000049","2015",110
"E06000049","2016",107.3
"E06000049","2017",109.9
"E06000049","2018",109.8
"E06000049","2019",105.6
"E06000049","2020",109.5
"E06000049","2021",107.6
"E06000050","2015",105.3
"E06000050","2016",108.4
"E06000050","2017",108
"E06000050","2018",107.8
"E06000050","2019",107.7
"E06000050","2020",108.9
"E06000050","2021",107.7
"E07000026","2015",107.3
"E07000026","2016",105.9
"E07000026","2017",106.1
"E07000026","2018",106.2
"E07000026","2019",106.4
"E07000026","2020",107.3
"E07000026","2021",107.7
"E07000027","2015",92.5
"E07000027","2016",95.2
"E07000027","2017",97
"E07000027","2018",96.8
"E07000027","2019",95.7
"E07000027","2020",93.2
"E07000027","2021",93.7
"E07000028","2015",98
"E07000028","2016",99
"E07000028","2017",96
"E07000028","2018",99.5
"E07000028","2019",95.8
"E07000028","2020",92.3
"E07000028","2021",101.8
"E07000029","2015",100.6
"E07000029","2016",103.8
"E07000029","2017",103.2
"E07000029","2018",99.3
"E07000029","2019",105.9
"E07000029","2020",101.4
"E07000029","2021",104.6
"E07000030","2015",119.1
"E07000030","2016",117.2
"E07000030","2017",123.3
"E07000030","2018",118.9
"E07000030","2019",120.9
"E07000030","2020",119.4
"E07000030","2021",117.4
"E07000031","2015",116.5
"E07000031","2016",118.3
"E07000031","2017",119.5
"E07000031","2018",117.7
"E07000031","2019",119.4
"E07000031","2020",119.6
"E07000031","2021",121.6
"E07000117","2015",84.7
"E07000117","2016",93.5
"E07000117","2017",92.9
"E07000117","2018",87.6
"E07000117","2019",86.2
"E07000117","2020",85.9
"E07000117","2021",85.4
"E07000118","2015",109.4
"E07000118","2016",110.4
"E07000118","2017",111.2
"E07000118","2018",113.5
"E07000118","2019",111
"E07000118","2020",111.6
"E07000118","2021",111.2
"E07000119","2015",111.4
"E07000119","2016",111.2
"E07000119","2017",111.4
"E07000119","2018",115
"E07000119","2019",118.1
"E07000119","2020",110.4
"E07000119","2021",111.9
"E07000120","2015",94.7
"E07000120","2016",93.9
"E07000120","2017",89.6
"E07000120","2018",95.4
"E07000120","2019",92
"E07000120","2020",92.4
"E07000120","2021",90.9
"E07000121","2015",91.1
"E07000121","2016",93
"E07000121","2017",93.2
"E07000121","2018",94.1
"E07000121","2019",91.4
"E07000121","2020",93.1
"E07000121","2021",93.5
"E07000122","2015",95.2
"E07000122","2016",96.4
"E07000122","2017",93.1
"E07000122","2018",93.7
"E07000122","2019",99.5
"E07000122","2020",94.1
"E07000122","2021",98.1
"E07000123","2015",90.8
"E07000123","2016",91.5
"E07000123","2017",92.8
"E07000123","2018",94.8
"E07000123","2019",94.5
"E07000123","2020",95.5
"E07000123","2021",89.6
"E07000124","2015",113.4
"E07000124","2016",119.5
"E07000124","2017",122.8
"E07000124","2018",121.8
"E07000124","2019",127.7
"E07000124","2020",122.6
"E07000124","2021",121.9
"E07000125","2015",101.4
"E07000125","2016",98.9
"E07000125","2017",99.2
"E07000125","2018",97.5
"E07000125","2019",98.4
"E07000125","2020",96.3
"E07000125","2021",95.3
"E07000126","2015",110.6
"E07000126","2016",112.6
"E07000126","2017",111.9
"E07000126","2018",107.3
"E07000126","2019",107.1
"E07000126","2020",112.1
"E07000126","2021",107.4
"E07000127","2015",99
"E07000127","2016",102.6
"E07000127","2017",102.3
"E07000127","2018",102.8
"E07000127","2019",100.7
"E07000127","2020",100.4
"E07000127","2021",103.9
"E07000128","2015",102.7
"E07000128","2016",104.9
"E07000128","2017",106.4
"E07000128","2018",107
"E07000128","2019",107.2
"E07000128","2020",107.4
"E07000128","2021",105
"E08000001","2015",95.1
"E08000001","2016",95
"E08000001","2017",94.8
"E08000001","2018",94.5
"E08000001","2019",94.6
"E08000001","2020",93.9
"E08000001","2021",94.5
"E08000002","2015",99.3
"E08000002","2016",99.7
"E08000002","2017",100.1
"E08000002","2018",99.5
"E08000002","2019",101.9
"E08000002","2020",97.8
"E08000002","2021",96.3
"E08000003","2015",77.7
"E08000003","2016",78.2
"E08000003","2017",80
"E08000003","2018",80.8
"E08000003","2019",81.3
"E08000003","2020",79.5
"E08000003","2021",81.8
"E08000004","2015",92.3
"E08000004","2016",92.8
"E08000004","2017",94.3
"E08000004","2018",91
"E08000004","2019",91.3
"E08000004","2020",92.9
"E08000004","2021",91.1
"E08000005","2015",90.2
"E08000005","2016",91.7
"E08000005","2017",92.3
"E08000005","2018",90.2
"E08000005","2019",92.6
"E08000005","2020",90.7
"E08000005","2021",91
"E08000006","2015",85.2
"E08000006","2016",85.3
"E08000006","2017",86
"E08000006","2018",85
"E08000006","2019",86.5
"E08000006","2020",85.5
"E08000006","2021",83.5
"E08000007","2015",103.3
"E08000007","2016",105.1
"E08000007","2017",106.3
"E08000007","2018",107.8
"E08000007","2019",104.7
"E08000007","2020",104.2
"E08000007","2021",105.4
"E08000008","2015",90.9
"E08000008","2016",91.5
"E08000008","2017",92.5
"E08000008","2018",93.2
"E08000008","2019",93.1
"E08000008","2020",91
"E08000008","2021",93.8
"E08000009","2015",111.1
"E08000009","2016",111.4
"E08000009","2017",111.5
"E08000009","2018",109.4
"E08000009","2019",113.2
"E08000009","2020",110.9
"E08000009","2021",111.3
"E08000010","2015",100.3
"E08000010","2016",99.2
"E08000010","2017",99.8
"E08000010","2018",99.8
"E08000010","2019",100
"E08000010","2020",95.1
"E08000010","2021",100.5
"E08000011","2015",86.4
"E08000011","2016",85.6
"E08000011","2017",85
"E08000011","2018",88
"E08000011","2019",88.1
"E08000011","2020",86.3
"E08000011","2021",82.8
"E08000012","2015",77.8
"E08000012","2016",79.5
"E08000012","2017",79.7
"E08000012","2018",82.9
"E08000012","2019",82.6
"E08000012","2020",81.3
"E08000012","2021",79.9
"E08000013","2015",94.5
"E08000013","2016",93.6
"E08000013","2017",95.2
"E08000013","2018",94.4
"E08000013","2019",95.6
"E08000013","2020",94
"E08000013","2021",96.3
"E08000014","2015",97.7
"E08000014","2016",96.7
"E08000014","2017",99.5
"E08000014","2018",99.1
"E08000014","2019",102.2
"E08000014","2020",99.8
"E08000014","2021",100.6
"E08000015","2015",100.6
"E08000015","2016",100.9
"E08000015","2017",103
"E08000015","2018",102.1
"E08000015","2019",101.2
"E08000015","2020",101.1
"E08000015","2021",98.9
"E06000010","2015",80.3
"E06000010","2016",80.8
"E06000010","2017",80.1
"E06000010","2018",78.1
"E06000010","2019",81.9
"E06000010","2020",80
"E06000010","2021",77.5
"E06000011","2015",108.9
"E06000011","2016",110
"E06000011","2017",109.8
"E06000011","2018",110.9
"E06000011","2019",109.2
"E06000011","2020",109.7
"E06000011","2021",108.1
"E06000012","2015",95.4
"E06000012","2016",96.4
"E06000012","2017",96.4
"E06000012","2018",94.3
"E06000012","2019",94
"E06000012","2020",93.6
"E06000012","2021",93.6
"E06000013","2015",99.7
"E06000013","2016",100.7
"E06000013","2017",99.1
"E06000013","2018",93.4
"E06000013","2019",96.7
"E06000013","2020",98.1
"E06000013","2021",98.3
"E06000014","2015",100.5
"E06000014","2016",102.6
"E06000014","2017",102.2
"E06000014","2018",102.3
"E06000014","2019",105
"E06000014","2020",104.4
"E06000014","2021",105.3
"E07000163","2015",117.7
"E07000163","2016",121.3
"E07000163","2017",119.3
"E07000163","2018",117.6
"E07000163","2019",115.5
"E07000163","2020",118.7
"E07000163","2021",114.4
"E07000164","2015",113.4
"E07000164","2016",115.3
"E07000164","2017",113.1
"E07000164","2018",115.8
"E07000164","2019",113.7
"E07000164","2020",114.9
"E07000164","2021",119.9
"E07000165","2015",115.1
"E07000165","2016",115
"E07000165","2017",117.5
"E07000165","2018",114
"E07000165","2019",117
"E07000165","2020",118.8
"E07000165","2021",124.9
"E07000166","2015",118.6
"E07000166","2016",119.8
"E07000166","2017",117.6
"E07000166","2018",113.6
"E07000166","2019",122.3
"E07000166","2020",115.2
"E07000166","2021",121.2
"E07000167","2015",111.1
"E07000167","2016",112.3
"E07000167","2017",111
"E07000167","2018",111.1
"E07000167","2019",112.4
"E07000167","2020",112.9
"E07000167","2021",111
"E07000168","2015",99.2
"E07000168","2016",101.8
"E07000168","2017",101.8
"E07000168","2018",101.8
"E07000168","2019",97
"E07000168","2020",95.3
"E07000168","2021",97.1
"E07000169","2015",108.3
"E07000169","2016",112
"E07000169","2017",110.4
"E07000169","2018",111.2
"E07000169","2019",106.7
"E07000169","2020",108.7
"E07000169","2021",111.5
"E08000016","2015",94.5
"E08000016","2016",96.6
"E08000016","2017",96.8
"E08000016","2018",97.3
"E08000016","2019",98.2
"E08000016","2020",97.1
"E08000016","2021",95.5
"E08000017","2015",93.2
"E08000017","2016",92.1
"E08000017","2017",93
"E08000017","2018",91.3
"E08000017","2019",90
"E08000017","2020",90.9
"E08000017","2021",91.5
"E08000018","2015",94.3
"E08000018","2016",96.5
"E08000018","2017",94.7
"E08000018","2018",93.9
"E08000018","2019",93.6
"E08000018","2020",96.2
"E08000018","2021",95.5
"E08000019","2015",95
"E08000019","2016",95.7
"E08000019","2017",96.2
"E08000019","2018",97.9
"E08000019","2019",96.6
"E08000019","2020",94.3
"E08000019","2021",96.2
"E08000032","2015",87.4
"E08000032","2016",86.9
"E08000032","2017",88.5
"E08000032","2018",89.6
"E08000032","2019",88.8
"E08000032","2020",87.1
"E08000032","2021",88
"E08000033","2015",96.9
"E08000033","2016",96.9
"E08000033","2017",97.6
"E08000033","2018",96
"E08000033","2019",96
"E08000033","2020",96.7
"E08000033","2021",96.9
"E08000034","2015",98.8
"E08000034","2016",98.9
"E08000034","2017",99.4
"E08000034","2018",97.2
"E08000034","2019",95.5
"E08000034","2020",95.5
"E08000034","2021",97
"E08000035","2015",91.6
"E08000035","2016",91
"E08000035","2017",92.6
"E08000035","2018",93.2
"E08000035","2019",91.2
"E08000035","2020",90.7
"E08000035","2021",91.3
"E08000036","2015",93.9
"E08000036","2016",94.4
"E08000036","2017",94.3
"E08000036","2018",93.2
"E08000036","2019",90.6
"E08000036","2020",92.6
"E08000036","2021",93.2
"E06000015","2015",92.3
"E06000015","2016",91.8
"E06000015","2017",92.2
"E06000015","2018",93.8
"E06000015","2019",92.7
"E06000015","2020",91.3
"E06000015","2021",90.4
"E06000016","2015",84
"E06000016","2016",81.9
"E06000016","2017",83.3
"E06000016","2018",87.2
"E06000016","2019",84.5
"E06000016","2020",86
"E06000016","2021",83.6
"E06000017","2015",122.2
"E06000017","2016",120.9
"E06000017","2017",120.6
"E06000017","2018",122.4
"E06000017","2019",119.8
"E06000017","2020",122.7
"E06000017","2021",124.6
"E06000018","2015",81.4
"E06000018","2016",81.6
"E06000018","2017",82.1
"E06000018","2018",82
"E06000018","2019",82.7
"E06000018","2020",83.2
"E06000018","2021",82
"E07000032","2015",111.7
"E07000032","2016",108.8
"E07000032","2017",107.8
"E07000032","2018",110.5
"E07000032","2019",110
"E07000032","2020",107.4
"E07000032","2021",111
"E07000033","2015",94.1
"E07000033","2016",98.5
"E07000033","2017",103.7
"E07000033","2018",101.2
"E07000033","2019",102.7
"E07000033","2020",98.8
"E07000033","2021",97.7
"E07000034","2015",97.9
"E07000034","2016",98.1
"E07000034","2017",97.2
"E07000034","2018",97.4
"E07000034","2019",93.9
"E07000034","2020",96.6
"E07000034","2021",94.9
"E07000035","2015",123
"E07000035","2016",121.8
"E07000035","2017",122.7
"E07000035","2018",119.1
"E07000035","2019",120
"E07000035","2020",120.4
"E07000035","2021",119.2
"E07000036","2015",108.2
"E07000036","2016",110.4
"E07000036","2017",107
"E07000036","2018",105.6
"E07000036","2019",107
"E07000036","2020",105.7
"E07000036","2021",107.1
"E07000037","2015",110.9
"E07000037","2016",110.9
"E07000037","2017",113.6
"E07000037","2018",111.5
"E07000037","2019",112.8
"E07000037","2020",113
"E07000037","2021",117.7
"E07000038","2015",110.9
"E07000038","2016",114.9
"E07000038","2017",111.1
"E07000038","2018",113.7
"E07000038","2019",117.7
"E07000038","2020",112.4
"E07000038","2021",112.3
"E07000039","2015",108.6
"E07000039","2016",109
"E07000039","2017",108.3
"E07000039","2018",112.8
"E07000039","2019",110.9
"E07000039","2020",108.5
"E07000039","2021",111.3
"E07000129","2015",110.7
"E07000129","2016",110.5
"E07000129","2017",112.8
"E07000129","2018",111.9
"E07000129","2019",114.8
"E07000129","2020",112.8
"E07000129","2021",116.6
"E07000130","2015",110.1
"E07000130","2016",109.8
"E07000130","2017",108
"E07000130","2018",109.9
"E07000130","2019",109.6
"E07000130","2020",110
"E07000130","2021",112.9
"E07000131","2015",116.4
"E07000131","2016",116.9
"E07000131","2017",115.3
"E07000131","2018",112.7
"E07000131","2019",114.6
"E07000131","2020",113
"E07000131","2021",112.6
"E07000132","2015",109.5
"E07000132","2016",111.4
"E07000132","2017",110.9
"E07000132","2018",107.1
"E07000132","2019",112.3
"E07000132","2020",112.3
"E07000132","2021",113.2
"E07000133","2015",107.8
"E07000133","2016",103.9
"E07000133","2017",103.5
"E07000133","2018",102.7
"E07000133","2019",108.3
"E07000133","2020",107.2
"E07000133","2021",104.9
"E07000134","2015",108.9
"E07000134","2016",107.5
"E07000134","2017",108
"E07000134","2018",108.1
"E07000134","2019",109.6
"E07000134","2020",109
"E07000134","2021",107.3
"E07000135","2015",112.2
"E07000135","2016",112.2
"E07000135","2017",109.4
"E07000135","2018",108.4
"E07000135","2019",110.3
"E07000135","2020",113.7
"E07000135","2021",109.1
"E07000136","2015",87.6
"E07000136","2016",91.5
"E07000136","2017",89.4
"E07000136","2018",91.5
"E07000136","2019",89.5
"E07000136","2020",88.8
"E07000136","2021",88
"E07000137","2015",94.1
"E07000137","2016",94.7
"E07000137","2017",91
"E07000137","2018",89.4
"E07000137","2019",92.2
"E07000137","2020",91
"E07000137","2021",92.2
"E07000138","2015",92.6
"E07000138","2016",90.2
"E07000138","2017",90.9
"E07000138","2018",85.6
"E07000138","2019",80
"E07000138","2020",85.6
"E07000138","2021",85.3
"E07000139","2015",123.5
"E07000139","2016",119.8
"E07000139","2017",118.8
"E07000139","2018",116.6
"E07000139","2019",119.5
"E07000139","2020",116.2
"E07000139","2021",114.8
"E07000140","2015",100.7
"E07000140","2016",99.1
"E07000140","2017",96.1
"E07000140","2018",101
"E07000140","2019",99
"E07000140","2020",101.4
"E07000140","2021",94.4
"E07000141","2015",108.1
"E07000141","2016",107.7
"E07000141","2017",108.6
"E07000141","2018",107.4
"E07000141","2019",106.9
"E07000141","2020",107.4
"E07000141","2021",107.7
"E07000142","2015",106.2
"E07000142","2016",107.6
"E07000142","2017",107.2
"E07000142","2018",107.7
"E07000142","2019",107.3
"E07000142","2020",104.5
"E07000142","2021",106.7
"E07000170","2015",98.8
"E07000170","2016",98.6
"E07000170","2017",97.1
"E07000170","2018",98.1
"E07000170","2019",98
"E07000170","2020",96.7
"E07000170","2021",99.5
"E07000171","2015",92.9
"E07000171","2016",96.9
"E07000171","2017",97.8
"E07000171","2018",95
"E07000171","2019",96
"E07000171","2020",93.1
"E07000171","2021",93.8
"E07000172","2015",115.3
"E07000172","2016",113.8
"E07000172","2017",110.3
"E07000172","2018",111.4
"E07000172","2019",115.1
"E07000172","2020",110.6
"E07000172","2021",111.5
"E07000173","2015",112.6
"E07000173","2016",110
"E07000173","2017",110.1
"E07000173","2018",112
"E07000173","2019",111.2
"E07000173","2020",109.4
"E07000173","2021",111.2
"E07000174","2015",94.2
"E07000174","2016",93.8
"E07000174","2017",93.9
"E07000174","2018",90.1
"E07000174","2019",94.9
"E07000174","2020",94.2
"E07000174","2021",91.6
"E07000175","2015",105.4
"E07000175","2016",106.8
"E07000175","2017",107.2
"E07000175","2018",102
"E07000175","2019",103.4
"E07000175","2020",101.3
"E07000175","2021",98.9
"E07000176","2015",122.3
"E07000176","2016",120.8
"E07000176","2017",121
"E07000176","2018",120.6
"E07000176","2019",122
"E07000176","2020",121.9
"E07000176","2021",121
"E06000061","2015",98.1
"E06000061","2016",98
"E06000061","2017",96.8
"E06000061","2018",97.7
"E06000061","2019",99.8
"E06000061","2020",99.6
"E06000061","2021",99.2
"E06000062","2015",100.2
"E06000062","2016",101.4
"E06000062","2017",99.6
"E06000062","2018",100.9
"E06000062","2019",102
"E06000062","2020",102.4
"E06000062","2021",100
"E06000019","2015",104.5
"E06000019","2016",105.7
"E06000019","2017",107.7
"E06000019","2018",104.7
"E06000019","2019",101.3
"E06000019","2020",101.5
"E06000019","2021",99.9
"E06000020","2015",94.5
"E06000020","2016",94.7
"E06000020","2017",94.5
"E06000020","2018",96.4
"E06000020","2019",92.7
"E06000020","2020",93.4
"E06000020","2021",89.6
"E06000021","2015",87.9
"E06000021","2016",89.5
"E06000021","2017",90.2
"E06000021","2018",86.5
"E06000021","2019",86.1
"E06000021","2020",87.1
"E06000021","2021",88.4
"E06000051","2015",109.1
"E06000051","2016",110.9
"E06000051","2017",108.6
"E06000051","2018",107.4
"E06000051","2019",109.9
"E06000051","2020",109.1
"E06000051","2021",108.8
"E07000192","2015",99.8
"E07000192","2016",101.4
"E07000192","2017",100.1
"E07000192","2018",101.5
"E07000192","2019",104.6
"E07000192","2020",98.7
"E07000192","2021",104.4
"E07000193","2015",104.1
"E07000193","2016",103.4
"E07000193","2017",102.9
"E07000193","2018",102.8
"E07000193","2019",103.5
"E07000193","2020",100.4
"E07000193","2021",102.1
"E07000194","2015",111.2
"E07000194","2016",109.4
"E07000194","2017",111.9
"E07000194","2018",107.8
"E07000194","2019",107.6
"E07000194","2020",105
"E07000194","2021",113.1
"E07000195","2015",102.9
"E07000195","2016",104.7
"E07000195","2017",103.1
"E07000195","2018",104.4
"E07000195","2019",104.3
"E07000195","2020",105.9
"E07000195","2021",108
"E07000196","2015",112.4
"E07000196","2016",111.4
"E07000196","2017",112.5
"E07000196","2018",117.7
"E07000196","2019",116.9
"E07000196","2020",113.9
"E07000196","2021",115.8
"E07000197","2015",106.8
"E07000197","2016",106.5
"E07000197","2017",109.3
"E07000197","2018",105.4
"E07000197","2019",108.4
"E07000197","2020",107
"E07000197","2021",108.8
"E07000198","2015",109.9
"E07000198","2016",110.3
"E07000198","2017",114.1
"E07000198","2018",114
"E07000198","2019",113.9
"E07000198","2020",115.4
"E07000198","2021",115
"E07000199","2015",103.6
"E07000199","2016",100.2
"E07000199","2017",99.8
"E07000199","2018",100.4
"E07000199","2019",97.4
"E07000199","2020",98.4
"E07000199","2021",102.1
"E07000218","2015",107
"E07000218","2016",108.9
"E07000218","2017",106.2
"E07000218","2018",104.4
"E07000218","2019",104.8
"E07000218","2020",101.7
"E07000218","2021",103.9
"E07000219","2015",97.1
"E07000219","2016",95.2
"E07000219","2017",94.6
"E07000219","2018",95.3
"E07000219","2019",95.7
"E07000219","2020",95.8
"E07000219","2021",98.5
"E07000220","2015",105.2
"E07000220","2016",104.2
"E07000220","2017",103.5
"E07000220","2018",102.7
"E07000220","2019",104.9
"E07000220","2020",105.5
"E07000220","2021",103.8
"E07000221","2015",116
"E07000221","2016",115.5
"E07000221","2017",113.9
"E07000221","2018",112
"E07000221","2019",114.2
"E07000221","2020",113.8
"E07000221","2021",116.5
"E07000222","2015",113.2
"E07000222","2016",113.7
"E07000222","2017",112.3
"E07000222","2018",115.8
"E07000222","2019",114
"E07000222","2020",114.7
"E07000222","2021",112.7
"E07000234","2015",111.1
"E07000234","2016",112
"E07000234","2017",114.4
"E07000234","2018",115
"E07000234","2019",111.3
"E07000234","2020",111.9
"E07000234","2021",118.2
"E07000235","2015",114.1
"E07000235","2016",111.5
"E07000235","2017",112.2
"E07000235","2018",110.2
"E07000235","2019",107.7
"E07000235","2020",106.7
"E07000235","2021",106
"E07000236","2015",97.2
"E07000236","2016",100.4
"E07000236","2017",100.6
"E07000236","2018",100.6
"E07000236","2019",100.1
"E07000236","2020",96
"E07000236","2021",95
"E07000237","2015",99.6
"E07000237","2016",101.3
"E07000237","2017",101.6
"E07000237","2018",99.5
"E07000237","2019",103.4
"E07000237","2020",100.9
"E07000237","2021",104.5
"E07000238","2015",111
"E07000238","2016",109.2
"E07000238","2017",109.4
"E07000238","2018",109.2
"E07000238","2019",110.5
"E07000238","2020",106.2
"E07000238","2021",108.4
"E07000239","2015",98.4
"E07000239","2016",100.3
"E07000239","2017",101.4
"E07000239","2018",101.6
"E07000239","2019",99.3
"E07000239","2020",96.8
"E07000239","2021",96.4
"E08000025","2015",84.2
"E08000025","2016",85.8
"E08000025","2017",86.5
"E08000025","2018",86
"E08000025","2019",84.7
"E08000025","2020",83.4
"E08000025","2021",84.2
"E08000026","2015",93
"E08000026","2016",94.1
"E08000026","2017",90.9
"E08000026","2018",90.4
"E08000026","2019",90.1
"E08000026","2020",89.6
"E08000026","2021",90
"E08000027","2015",96.1
"E08000027","2016",94.5
"E08000027","2017",95.1
"E08000027","2018",95.1
"E08000027","2019",95.5
"E08000027","2020",94.2
"E08000027","2021",95.6
"E08000028","2015",88.9
"E08000028","2016",88.3
"E08000028","2017",86.6
"E08000028","2018",88
"E08000028","2019",86.4
"E08000028","2020",84.8
"E08000028","2021",85.3
"E08000029","2015",104.1
"E08000029","2016",102.4
"E08000029","2017",102.6
"E08000029","2018",103.6
"E08000029","2019",102.1
"E08000029","2020",99.5
"E08000029","2021",100.3
"E08000030","2015",94.2
"E08000030","2016",94.7
"E08000030","2017",93
"E08000030","2018",92.9
"E08000030","2019",91.1
"E08000030","2020",89.7
"E08000030","2021",89.1
"E08000031","2015",85.1
"E08000031","2016",87.3
"E08000031","2017",88
"E08000031","2018",86.7
"E08000031","2019",88.1
"E08000031","2020",89
"E08000031","2021",87.6
"E06000031","2015",93.3
"E06000031","2016",91.2
"E06000031","2017",90.4
"E06000031","2018",90
"E06000031","2019",90.8
"E06000031","2020",85.7
"E06000031","2021",84.1
"E06000032","2015",93.4
"E06000032","2016",90.5
"E06000032","2017",90.4
"E06000032","2018",93.3
"E06000032","2019",92.4
"E06000032","2020",90.8
"E06000032","2021",92.9
"E06000033","2015",95.8
"E06000033","2016",96.1
"E06000033","2017",96.3
"E06000033","2018",97
"E06000033","2019",98
"E06000033","2020",96.4
"E06000033","2021",99
"E06000034","2015",94
"E06000034","2016",93.9
"E06000034","2017",93.8
"E06000034","2018",94.2
"E06000034","2019",95.4
"E06000034","2020",98.9
"E06000034","2021",99.9
"E06000055","2015",101.5
"E06000055","2016",103
"E06000055","2017",103.1
"E06000055","2018",100.7
"E06000055","2019",101
"E06000055","2020",100.3
"E06000055","2021",100.8
"E06000056","2015",109.8
"E06000056","2016",110.6
"E06000056","2017",109.5
"E06000056","2018",110
"E06000056","2019",109.3
"E06000056","2020",110.5
"E06000056","2021",112.2
"E07000008","2015",98.2
"E07000008","2016",101
"E07000008","2017",101.2
"E07000008","2018",103.9
"E07000008","2019",96.9
"E07000008","2020",107.6
"E07000008","2021",102.3
"E07000009","2015",115.2
"E07000009","2016",113.9
"E07000009","2017",114.1
"E07000009","2018",117.7
"E07000009","2019",113
"E07000009","2020",115.2
"E07000009","2021",115.3
"E07000010","2015",91
"E07000010","2016",95.1
"E07000010","2017",93.2
"E07000010","2018",93.3
"E07000010","2019",92.1
"E07000010","2020",94.3
"E07000010","2021",93.2
"E07000011","2015",110.5
"E07000011","2016",113.5
"E07000011","2017",115.3
"E07000011","2018",112.1
"E07000011","2019",110.5
"E07000011","2020",108.7
"E07000011","2021",112
"E07000012","2015",120.2
"E07000012","2016",119.9
"E07000012","2017",120.5
"E07000012","2018",120.7
"E07000012","2019",119.8
"E07000012","2020",117.2
"E07000012","2021",118.8
"E07000066","2015",100
"E07000066","2016",100.3
"E07000066","2017",97.1
"E07000066","2018",96.9
"E07000066","2019",100.3
"E07000066","2020",97.8
"E07000066","2021",100.6
"E07000067","2015",102.9
"E07000067","2016",103.3
"E07000067","2017",106.8
"E07000067","2018",104.2
"E07000067","2019",101.2
"E07000067","2020",104.2
"E07000067","2021",106.2
"E07000068","2015",113.4
"E07000068","2016",113.1
"E07000068","2017",115.2
"E07000068","2018",116.1
"E07000068","2019",112.3
"E07000068","2020",111.3
"E07000068","2021",112
"E07000069","2015",111.5
"E07000069","2016",108.5
"E07000069","2017",111.5
"E07000069","2018",110.1
"E07000069","2019",109.3
"E07000069","2020",112
"E07000069","2021",110.4
"E07000070","2015",109.3
"E07000070","2016",112.9
"E07000070","2017",106.8
"E07000070","2018",108.2
"E07000070","2019",110.2
"E07000070","2020",109.9
"E07000070","2021",109.4
"E07000071","2015",101.3
"E07000071","2016",102.5
"E07000071","2017",99.1
"E07000071","2018",99.3
"E07000071","2019",99.8
"E07000071","2020",100
"E07000071","2021",96.3
"E07000072","2015",107.1
"E07000072","2016",110
"E07000072","2017",109.2
"E07000072","2018",109.1
"E07000072","2019",109.2
"E07000072","2020",106
"E07000072","2021",107.9
"E07000073","2015",91.8
"E07000073","2016",92.3
"E07000073","2017",92.5
"E07000073","2018",92.7
"E07000073","2019",88.5
"E07000073","2020",87.8
"E07000073","2021",90.2
"E07000074","2015",112.1
"E07000074","2016",114.1
"E07000074","2017",108.2
"E07000074","2018",109.7
"E07000074","2019",110
"E07000074","2020",107.7
"E07000074","2021",106.8
"E07000075","2015",114
"E07000075","2016",111.9
"E07000075","2017",115.5
"E07000075","2018",117.4
"E07000075","2019",118.7
"E07000075","2020",115.6
"E07000075","2021",122
"E07000076","2015",88.2
"E07000076","2016",89.7
"E07000076","2017",90.6
"E07000076","2018",91.1
"E07000076","2019",90.4
"E07000076","2020",91.2
"E07000076","2021",92.9
"E07000077","2015",114.3
"E07000077","2016",119.8
"E07000077","2017",120.1
"E07000077","2018",118.7
"E07000077","2019",121.5
"E07000077","2020",121.3
"E07000077","2021",122.4
"E07000095","2015",109.3
"E07000095","2016",103
"E07000095","2017",107.2
"E07000095","2018",104.9
"E07000095","2019",106.4
"E07000095","2020",104.4
"E07000095","2021",106.1
"E07000096","2015",109.2
"E07000096","2016",107.8
"E07000096","2017",107.4
"E07000096","2018",106.4
"E07000096","2019",109
"E07000096","2020",108
"E07000096","2021",107
"E07000098","2015",104.3
"E07000098","2016",100.4
"E07000098","2017",101
"E07000098","2018",102
"E07000098","2019",102.6
"E07000098","2020",98.5
"E07000098","2021",103.2
"E07000099","2015",112.6
"E07000099","2016",113.8
"E07000099","2017",110
"E07000099","2018",110.5
"E07000099","2019",115.9
"E07000099","2020",114
"E07000099","2021",120.1
"E07000102","2015",118.9
"E07000102","2016",118.3
"E07000102","2017",117.7
"E07000102","2018",117.7
"E07000102","2019",113.5
"E07000102","2020",114.1
"E07000102","2021",118.4
"E07000103","2015",103.7
"E07000103","2016",102.5
"E07000103","2017",101.5
"E07000103","2018",96.1
"E07000103","2019",97.5
"E07000103","2020",92.7
"E07000103","2021",100.4
"E07000240","2015",118
"E07000240","2016",116.5
"E07000240","2017",118.1
"E07000240","2018",115.6
"E07000240","2019",116.1
"E07000240","2020",114.6
"E07000240","2021",115.3
"E07000241","2015",101.7
"E07000241","2016",104
"E07000241","2017",103
"E07000241","2018",102.8
"E07000241","2019",100.6
"E07000241","2020",101.7
"E07000241","2021",101.2
"E07000242","2015",116.9
"E07000242","2016",117.9
"E07000242","2017",116.1
"E07000242","2018",118.8
"E07000242","2019",116.7
"E07000242","2020",116.9
"E07000242","2021",117.9
"E07000243","2015",95.7
"E07000243","2016",95
"E07000243","2017",99
"E07000243","2018",93.1
"E07000243","2019",97
"E07000243","2020",91.9
"E07000243","2021",91.7
"E07000143","2015",102
"E07000143","2016",103.8
"E07000143","2017",105.4
"E07000143","2018",102.3
"E07000143","2019",102.1
"E07000143","2020",104.2
"E07000143","2021",103.3
"E07000144","2015",116.5
"E07000144","2016",117.2
"E07000144","2017",121.8
"E07000144","2018",118.5
"E07000144","2019",118
"E07000144","2020",117.1
"E07000144","2021",117.1
"E07000145","2015",86.6
"E07000145","2016",87.3
"E07000145","2017",87.9
"E07000145","2018",90.9
"E07000145","2019",90.7
"E07000145","2020",89.9
"E07000145","2021",97.5
"E07000146","2015",98.7
"E07000146","2016",94.8
"E07000146","2017",98.9
"E07000146","2018",95.5
"E07000146","2019",97.8
"E07000146","2020",96.9
"E07000146","2021",97.5
"E07000147","2015",104.3
"E07000147","2016",106.6
"E07000147","2017",109.5
"E07000147","2018",110.6
"E07000147","2019",108.9
"E07000147","2020",106.8
"E07000147","2021",108.6
"E07000148","2015",87.4
"E07000148","2016",89.2
"E07000148","2017",87.7
"E07000148","2018",88.4
"E07000148","2019",88
"E07000148","2020",87.2
"E07000148","2021",88.2
"E07000149","2015",114.8
"E07000149","2016",116.4
"E07000149","2017",117
"E07000149","2018",115.4
"E07000149","2019",120.6
"E07000149","2020",114.5
"E07000149","2021",115.2
"E07000200","2015",107.4
"E07000200","2016",109.5
"E07000200","2017",113.5
"E07000200","2018",110.7
"E07000200","2019",114.6
"E07000200","2020",115.5
"E07000200","2021",114.1
"E07000202","2015",88.9
"E07000202","2016",93.4
"E07000202","2017",93.5
"E07000202","2018",92.1
"E07000202","2019",89.9
"E07000202","2020",89
"E07000202","2021",90.4
"E07000203","2015",112.9
"E07000203","2016",111.8
"E07000203","2017",114.2
"E07000203","2018",115.2
"E07000203","2019",117.7
"E07000203","2020",117.6
"E07000203","2021",119.8
"E07000244","2015",103.9
"E07000244","2016",104.9
"E07000244","2017",105.5
"E07000244","2018",106.2
"E07000244","2019",106.7
"E07000244","2020",110.3
"E07000244","2021",112.4
"E07000245","2015",108
"E07000245","2016",108.2
"E07000245","2017",110.8
"E07000245","2018",109.9
"E07000245","2019",108.6
"E07000245","2020",107.5
"E07000245","2021",109.1
"E09000002","2015",89
"E09000002","2016",90.8
"E09000002","2017",94.2
"E09000002","2018",92.1
"E09000002","2019",90.1
"E09000002","2020",92.3
"E09000002","2021",93.8
"E09000003","2015",106.9
"E09000003","2016",105.3
"E09000003","2017",106.7
"E09000003","2018",106.8
"E09000003","2019",107.3
"E09000003","2020",108.3
"E09000003","2021",108.8
"E09000004","2015",103.4
"E09000004","2016",104.6
"E09000004","2017",102.5
"E09000004","2018",105.3
"E09000004","2019",102.9
"E09000004","2020",102.5
"E09000004","2021",100.8
"E09000005","2015",99.6
"E09000005","2016",101.9
"E09000005","2017",100.5
"E09000005","2018",101.9
"E09000005","2019",103.7
"E09000005","2020",98.3
"E09000005","2021",102
"E09000006","2015",109.3
"E09000006","2016",109.5
"E09000006","2017",109.5
"E09000006","2018",109.1
"E09000006","2019",111.4
"E09000006","2020",112.6
"E09000006","2021",111.9
"E09000007","2015",91
"E09000007","2016",93.5
"E09000007","2017",90.2
"E09000007","2018",92.6
"E09000007","2019",91.7
"E09000007","2020",90.4
"E09000007","2021",95.7
"E09000008","2015",97.8
"E09000008","2016",99
"E09000008","2017",98.5
"E09000008","2018",100
"E09000008","2019",100.4
"E09000008","2020",98.5
"E09000008","2021",98.6
"E09000009","2015",103.2
"E09000009","2016",101.8
"E09000009","2017",102.6
"E09000009","2018",104.9
"E09000009","2019",105.4
"E09000009","2020",103
"E09000009","2021",107.1
"E09000010","2015",97.7
"E09000010","2016",98
"E09000010","2017",98.1
"E09000010","2018",98
"E09000010","2019",98
"E09000010","2020",94.8
"E09000010","2021",96.2
"E09000011","2015",89.8
"E09000011","2016",92.2
"E09000011","2017",93.3
"E09000011","2018",94.6
"E09000011","2019",93.8
"E09000011","2020",93.4
"E09000011","2021",90.5
"E09000012","2015",88.7
"E09000012","2016",88.1
"E09000012","2017",91
"E09000012","2018",91.5
"E09000012","2019",91.4
"E09000012","2020",89.9
"E09000012","2021",90.5
"E09000013","2015",96.2
"E09000013","2016",97.4
"E09000013","2017",96
"E09000013","2018",96.8
"E09000013","2019",96.6
"E09000013","2020",99.5
"E09000013","2021",98.4
"E09000014","2015",93.9
"E09000014","2016",95.7
"E09000014","2017",96.4
"E09000014","2018",97.4
"E09000014","2019",97.5
"E09000014","2020",97.3
"E09000014","2021",98.5
"E09000015","2015",110.4
"E09000015","2016",111.3
"E09000015","2017",108.9
"E09000015","2018",109.6
"E09000015","2019",107.5
"E09000015","2020",107.2
"E09000015","2021",110.3
"E09000016","2015",104
"E09000016","2016",104.5
"E09000016","2017",104.2
"E09000016","2018",103.5
"E09000016","2019",105.2
"E09000016","2020",107
"E09000016","2021",104.4
"E09000017","2015",100.1
"E09000017","2016",101.5
"E09000017","2017",103.1
"E09000017","2018",102.3
"E09000017","2019",102.5
"E09000017","2020",100.2
"E09000017","2021",103.3
"E09000018","2015",97.4
"E09000018","2016",98.1
"E09000018","2017",96.3
"E09000018","2018",99.4
"E09000018","2019",99.6
"E09000018","2020",99.1
"E09000018","2021",101.3
"E09000019","2015",91.2
"E09000019","2016",94.3
"E09000019","2017",91.5
"E09000019","2018",94.3
"E09000019","2019",92.8
"E09000019","2020",91.9
"E09000019","2021",96.2
"E09000020","2015",101.5
"E09000020","2016",99
"E09000020","2017",98
"E09000020","2018",98.4
"E09000020","2019",98.6
"E09000020","2020",102.3
"E09000020","2021",101.6
"E09000021","2015",108.6
"E09000021","2016",109.9
"E09000021","2017",109
"E09000021","2018",109.5
"E09000021","2019",110.5
"E09000021","2020",111.3
"E09000021","2021",110.9
"E09000022","2015",90.1
"E09000022","2016",92.3
"E09000022","2017",93.2
"E09000022","2018",91.9
"E09000022","2019",95.8
"E09000022","2020",93.7
"E09000022","2021",93.3
"E09000023","2015",96.5
"E09000023","2016",96.5
"E09000023","2017",96.6
"E09000023","2018",99.8
"E09000023","2019",98.5
"E09000023","2020",96.9
"E09000023","2021",99.1
"E09000024","2015",105.1
"E09000024","2016",104.7
"E09000024","2017",104.6
"E09000024","2018",105
"E09000024","2019",109.5
"E09000024","2020",105.7
"E09000024","2021",107.1
"E09000025","2015",91.8
"E09000025","2016",92.1
"E09000025","2017",92.2
"E09000025","2018",92.4
"E09000025","2019",93.9
"E09000025","2020",93.4
"E09000025","2021",93.7
"E09000026","2015",104.3
"E09000026","2016",105.1
"E09000026","2017",101.9
"E09000026","2018",103.7
"E09000026","2019",104.9
"E09000026","2020",101.8
"E09000026","2021",100.4
"E09000027","2015",120.6
"E09000027","2016",118.4
"E09000027","2017",119.2
"E09000027","2018",120.9
"E09000027","2019",121.9
"E09000027","2020",119.2
"E09000027","2021",118.5
"E09000028","2015",86.8
"E09000028","2016",88.1
"E09000028","2017",87.7
"E09000028","2018",87.2
"E09000028","2019",86.5
"E09000028","2020",85.7
"E09000028","2021",86.4
"E09000029","2015",107.8
"E09000029","2016",110.1
"E09000029","2017",109.8
"E09000029","2018",109
"E09000029","2019",106.6
"E09000029","2020",108.4
"E09000029","2021",106.7
"E09000030","2015",84.7
"E09000030","2016",87.9
"E09000030","2017",86.6
"E09000030","2018",88.7
"E09000030","2019",92
"E09000030","2020",87.8
"E09000030","2021",91.1
"E09000031","2015",98.4
"E09000031","2016",100.2
"E09000031","2017",101.7
"E09000031","2018",100
"E09000031","2019",99.4
"E09000031","2020",100.6
"E09000031","2021",104.3
"E09000032","2015",99.9
"E09000032","2016",102.3
"E09000032","2017",102.4
"E09000032","2018",103.5
"E09000032","2019",104.2
"E09000032","2020",101.5
"E09000032","2021",104.1
"E09000033","2015",88.9
"E09000033","2016",90.9
"E09000033","2017",91.6
"E09000033","2018",92.8
"E09000033","2019",91.2
"E09000033","2020",93.7
"E09000033","2021",96.9
"E06000035","2015",95.3
"E06000035","2016",97.4
"E06000035","2017",97
"E06000035","2018",97.7
"E06000035","2019",97.6
"E06000035","2020",96.1
"E06000035","2021",92.4
"E06000036","2015",112
"E06000036","2016",113.2
"E06000036","2017",113.5
"E06000036","2018",112.4
"E06000036","2019",112.7
"E06000036","2020",111.3
"E06000036","2021",109.2
"E06000037","2015",113.3
"E06000037","2016",113.7
"E06000037","2017",112.7
"E06000037","2018",113.4
"E06000037","2019",112.8
"E06000037","2020",113.5
"E06000037","2021",114.2
"E06000038","2015",96.8
"E06000038","2016",95.4
"E06000038","2017",97.2
"E06000038","2018",95.6
"E06000038","2019",98.4
"E06000038","2020",93.8
"E06000038","2021",94.4
"E06000039","2015",90.2
"E06000039","2016",91.5
"E06000039","2017",92.1
"E06000039","2018",89.8
"E06000039","2019",90.4
"E06000039","2020",92.4
"E06000039","2021",90.9
"E06000040","2015",115.9
"E06000040","2016",114.5
"E06000040","2017",114.5
"E06000040","2018",112.6
"E06000040","2019",116.4
"E06000040","2020",114.1
"E06000040","2021",115.1
"E06000041","2015",120
"E06000041","2016",120
"E06000041","2017",120.2
"E06000041","2018",121.8
"E06000041","2019",121.2
"E06000041","2020",118.3
"E06000041","2021",118.9
"E06000042","2015",96
"E06000042","2016",98.4
"E06000042","2017",98
"E06000042","2018",97.8
"E06000042","2019",95.3
"E06000042","2020",97.9
"E06000042","2021",97.1
"E06000043","2015",95.2
"E06000043","2016",96.7
"E06000043","2017",99.1
"E06000043","2018",98.7
"E06000043","2019",100.5
"E06000043","2020",98.6
"E06000043","2021",98.6
"E06000044","2015",89.1
"E06000044","2016",87.7
"E06000044","2017",86.6
"E06000044","2018",87.1
"E06000044","2019",87
"E06000044","2020",85.4
"E06000044","2021",83.8
"E06000045","2015",86.2
"E06000045","2016",86
"E06000045","2017",86.4
"E06000045","2018",84.6
"E06000045","2019",85.8
"E06000045","2020",84
"E06000045","2021",86.6
"E06000046","2015",99.9
"E06000046","2016",98.7
"E06000046","2017",100
"E06000046","2018",100.3
"E06000046","2019",100.2
"E06000046","2020",101.8
"E06000046","2021",98.1
"E06000060","2015",111.8
"E06000060","2016",111.8
"E06000060","2017",112.8
"E06000060","2018",112.6
"E06000060","2019",112.8
"E06000060","2020",110.1
"E06000060","2021",112.7
"E07000061","2015",95.8
"E07000061","2016",96.2
"E07000061","2017",96.5
"E07000061","2018",93.9
"E07000061","2019",93.7
"E07000061","2020",94.3
"E07000061","2021",96.4
"E07000062","2015",91.1
"E07000062","2016",90.3
"E07000062","2017",88.5
"E07000062","2018",88.9
"E07000062","2019",90.5
"E07000062","2020",88.6
"E07000062","2021",91.9
"E07000063","2015",107
"E07000063","2016",107.4
"E07000063","2017",106.6
"E07000063","2018",104.7
"E07000063","2019",106.4
"E07000063","2020",107.8
"E07000063","2021",109
"E07000064","2015",106.8
"E07000064","2016",106.9
"E07000064","2017",105
"E07000064","2018",105.7
"E07000064","2019",103
"E07000064","2020",104.3
"E07000064","2021",108.3
"E07000065","2015",118
"E07000065","2016",116.6
"E07000065","2017",116.9
"E07000065","2018",116.8
"E07000065","2019",114.7
"E07000065","2020",113
"E07000065","2021",116.3
"E07000084","2015",106.2
"E07000084","2016",107.2
"E07000084","2017",109.6
"E07000084","2018",106.8
"E07000084","2019",106.9
"E07000084","2020",107.1
"E07000084","2021",106.7
"E07000085","2015",113.6
"E07000085","2016",114.1
"E07000085","2017",116.2
"E07000085","2018",116
"E07000085","2019",119.7
"E07000085","2020",118.5
"E07000085","2021",117.1
"E07000086","2015",112.4
"E07000086","2016",112.3
"E07000086","2017",115.4
"E07000086","2018",109.2
"E07000086","2019",111.4
"E07000086","2020",111.7
"E07000086","2021",114.7
"E07000087","2015",114.2
"E07000087","2016",114.2
"E07000087","2017",116.4
"E07000087","2018",117.7
"E07000087","2019",113
"E07000087","2020",114.1
"E07000087","2021",116.1
"E07000088","2015",98.7
"E07000088","2016",96.6
"E07000088","2017",94.8
"E07000088","2018",94.7
"E07000088","2019",90
"E07000088","2020",92.4
"E07000088","2021",91.7
"E07000089","2015",118.7
"E07000089","2016",119.6
"E07000089","2017",116.6
"E07000089","2018",121.1
"E07000089","2019",122.4
"E07000089","2020",125.1
"E07000089","2021",122.9
"E07000090","2015",98.4
"E07000090","2016",99
"E07000090","2017",95.9
"E07000090","2018",98.3
"E07000090","2019",98.7
"E07000090","2020",93.9
"E07000090","2021",98.6
"E07000091","2015",110.1
"E07000091","2016",110.7
"E07000091","2017",112.6
"E07000091","2018",111.7
"E07000091","2019",112.8
"E07000091","2020",109.8
"E07000091","2021",110.5
"E07000092","2015",100.1
"E07000092","2016",103.3
"E07000092","2017",107.3
"E07000092","2018",102.6
"E07000092","2019",103.5
"E07000092","2020",105.4
"E07000092","2021",105.6
"E07000093","2015",107.9
"E07000093","2016",108.6
"E07000093","2017",109.7
"E07000093","2018",110.5
"E07000093","2019",111.5
"E07000093","2020",110.5
"E07000093","2021",113.5
"E07000094","2015",117.9
"E07000094","2016",115.4
"E07000094","2017",116.8
"E07000094","2018",114.5
"E07000094","2019",110.9
"E07000094","2020",113.7
"E07000094","2021",119.1
"E07000105","2015",99.2
"E07000105","2016",100.6
"E07000105","2017",99.5
"E07000105","2018",100.9
"E07000105","2019",100.4
"E07000105","2020",98.4
"E07000105","2021",96.4
"E07000106","2015",96.5
"E07000106","2016",98.8
"E07000106","2017",98.9
"E07000106","2018",96.9
"E07000106","2019",96.7
"E07000106","2020",98.3
"E07000106","2021",96.5
"E07000107","2015",92.4
"E07000107","2016",93
"E07000107","2017",97
"E07000107","2018",99.1
"E07000107","2019",96.4
"E07000107","2020",98.2
"E07000107","2021",98.5
"E07000108","2015",97
"E07000108","2016",100.7
"E07000108","2017",100.9
"E07000108","2018",100.8
"E07000108","2019",99.5
"E07000108","2020",95
"E07000108","2021",98.8
"E07000109","2015",93.1
"E07000109","2016",97.6
"E07000109","2017",97.7
"E07000109","2018",97.3
"E07000109","2019",95.3
"E07000109","2020",94.3
"E07000109","2021",95.1
"E07000110","2015",103.6
"E07000110","2016",103.6
"E07000110","2017",103.6
"E07000110","2018",104.2
"E07000110","2019",101.7
"E07000110","2020",101.6
"E07000110","2021",102.8
"E07000111","2015",114.7
"E07000111","2016",114.4
"E07000111","2017",110.9
"E07000111","2018",114.6
"E07000111","2019",112.6
"E07000111","2020",111.2
"E07000111","2021",113.2
"E07000112","2015",98.1
"E07000112","2016",99.9
"E07000112","2017",98.4
"E07000112","2018",102.5
"E07000112","2019",98.8
"E07000112","2020",100.9
"E07000112","2021",97.2
"E07000113","2015",94.5
"E07000113","2016",94.5
"E07000113","2017",95.5
"E07000113","2018",92.8
"E07000113","2019",91.9
"E07000113","2020",93.1
"E07000113","2021",94
"E07000114","2015",87.9
"E07000114","2016",91.1
"E07000114","2017",89.2
"E07000114","2018",86.5
"E07000114","2019",81.1
"E07000114","2020",83.8
"E07000114","2021",88.4
"E07000115","2015",110.5
"E07000115","2016",109
"E07000115","2017",111
"E07000115","2018",113.1
"E07000115","2019",112.8
"E07000115","2020",107.3
"E07000115","2021",107.6
"E07000116","2015",112.4
"E07000116","2016",112.7
"E07000116","2017",114.8
"E07000116","2018",113.9
"E07000116","2019",113.1
"E07000116","2020",115.4
"E07000116","2021",114.2
"E07000177","2015",103.7
"E07000177","2016",103.3
"E07000177","2017",106
"E07000177","2018",107.3
"E07000177","2019",106.3
"E07000177","2020",104
"E07000177","2021",106.2
"E07000178","2015",98.9
"E07000178","2016",96.4
"E07000178","2017",98
"E07000178","2018",98.7
"E07000178","2019",99.4
"E07000178","2020",99.5
"E07000178","2021",101.4
"E07000179","2015",118.9
"E07000179","2016",119.2
"E07000179","2017",118.5
"E07000179","2018",121
"E07000179","2019",122.7
"E07000179","2020",121.7
"E07000179","2021",120.2
"E07000180","2015",112.8
"E07000180","2016",114.2
"E07000180","2017",115.8
"E07000180","2018",114.1
"E07000180","2019",117.1
"E07000180","2020",116.8
"E07000180","2021",116.4
"E07000181","2015",116.5
"E07000181","2016",114.6
"E07000181","2017",116
"E07000181","2018",115.3
"E07000181","2019",115.3
"E07000181","2020",114.2
"E07000181","2021",119.8
"E07000207","2015",115.8
"E07000207","2016",115.8
"E07000207","2017",120.7
"E07000207","2018",123.2
"E07000207","2019",122.3
"E07000207","2020",119.9
"E07000207","2021",124.1
"E07000208","2015",114.2
"E07000208","2016",116.4
"E07000208","2017",118.2
"E07000208","2018",113.6
"E07000208","2019",117.4
"E07000208","2020",109.4
"E07000208","2021",111.3
"E07000209","2015",111.3
"E07000209","2016",110.2
"E07000209","2017",114.2
"E07000209","2018",113.3
"E07000209","2019",114.1
"E07000209","2020",108.3
"E07000209","2021",111.6
"E07000210","2015",117.5
"E07000210","2016",119.3
"E07000210","2017",116.8
"E07000210","2018",119.1
"E07000210","2019",121.5
"E07000210","2020",114
"E07000210","2021",117.1
"E07000211","2015",110.5
"E07000211","2016",106.4
"E07000211","2017",108.8
"E07000211","2018",111.6
"E07000211","2019",113.2
"E07000211","2020",110
"E07000211","2021",112.2
"E07000212","2015",104.5
"E07000212","2016",109
"E07000212","2017",109.4
"E07000212","2018",112
"E07000212","2019",113.5
"E07000212","2020",112
"E07000212","2021",106.5
"E07000213","2015",105.1
"E07000213","2016",104.3
"E07000213","2017",110.3
"E07000213","2018",109.7
"E07000213","2019",110.9
"E07000213","2020",104.3
"E07000213","2021",104.9
"E07000214","2015",109.9
"E07000214","2016",110
"E07000214","2017",116.3
"E07000214","2018",109.2
"E07000214","2019",112.5
"E07000214","2020",113.4
"E07000214","2021",122.3
"E07000215","2015",113.1
"E07000215","2016",113.1
"E07000215","2017",116.4
"E07000215","2018",113.6
"E07000215","2019",113.1
"E07000215","2020",113.3
"E07000215","2021",118
"E07000216","2015",120.5
"E07000216","2016",124.6
"E07000216","2017",123.8
"E07000216","2018",126.2
"E07000216","2019",125.3
"E07000216","2020",119
"E07000216","2021",123.1
"E07000217","2015",110.2
"E07000217","2016",114.2
"E07000217","2017",113.5
"E07000217","2018",116.7
"E07000217","2019",113.6
"E07000217","2020",114.1
"E07000217","2021",113.2
"E07000223","2015",101.4
"E07000223","2016",99.2
"E07000223","2017",105.4
"E07000223","2018",102.7
"E07000223","2019",105.4
"E07000223","2020",105.3
"E07000223","2021",102.3
"E07000224","2015",102.7
"E07000224","2016",99.2
"E07000224","2017",104.3
"E07000224","2018",103.2
"E07000224","2019",103.8
"E07000224","2020",102.5
"E07000224","2021",105
"E07000225","2015",107.9
"E07000225","2016",109.3
"E07000225","2017",112
"E07000225","2018",112.3
"E07000225","2019",107.6
"E07000225","2020",100.2
"E07000225","2021",107.7
"E07000226","2015",95.3
"E07000226","2016",96.5
"E07000226","2017",99.6
"E07000226","2018",100
"E07000226","2019",101.1
"E07000226","2020",96.4
"E07000226","2021",98.6
"E07000227","2015",118.3
"E07000227","2016",116.3
"E07000227","2017",114.7
"E07000227","2018",119.7
"E07000227","2019",120.5
"E07000227","2020",117.7
"E07000227","2021",121.9
"E07000228","2015",119.6
"E07000228","2016",120.8
"E07000228","2017",119.4
"E07000228","2018",120.4
"E07000228","2019",119.2
"E07000228","2020",120.5
"E07000228","2021",120.4
"E07000229","2015",95.1
"E07000229","2016",98.2
"E07000229","2017",102
"E07000229","2018",102.1
"E07000229","2019",102.9
"E07000229","2020",98.3
"E07000229","2021",101.1
"E06000022","2015",109.5
"E06000022","2016",110.2
"E06000022","2017",110.6
"E06000022","2018",115.5
"E06000022","2019",112.3
"E06000022","2020",112.2
"E06000022","2021",114.9
"E06000023","2015",88.1
"E06000023","2016",88.8
"E06000023","2017",92.6
"E06000023","2018",93
"E06000023","2019",91.6
"E06000023","2020",90.9
"E06000023","2021",91.4
"E06000024","2015",103.1
"E06000024","2016",102.9
"E06000024","2017",105.1
"E06000024","2018",105.8
"E06000024","2019",105.5
"E06000024","2020",103.5
"E06000024","2021",104.1
"E06000025","2015",111.3
"E06000025","2016",110.5
"E06000025","2017",111.9
"E06000025","2018",111.2
"E06000025","2019",111.3
"E06000025","2020",110
"E06000025","2021",111.2
"E06000026","2015",95.3
"E06000026","2016",96.2
"E06000026","2017",96
"E06000026","2018",96.1
"E06000026","2019",93.9
"E06000026","2020",96.2
"E06000026","2021",94.7
"E06000027","2015",93.5
"E06000027","2016",95
"E06000027","2017",94.9
"E06000027","2018",96.2
"E06000027","2019",95.9
"E06000027","2020",93.9
"E06000027","2021",95.7
"E06000030","2015",97.3
"E06000030","2016",99.9
"E06000030","2017",99.7
"E06000030","2018",99.2
"E06000030","2019",99.2
"E06000030","2020",99.6
"E06000030","2021",99.5
"E06000052","2015",100.4
"E06000052","2016",100.9
"E06000052","2017",101.9
"E06000052","2018",101.6
"E06000052","2019",104.1
"E06000052","2020",103.5
"E06000052","2021",103.2
"E06000054","2015",110.6
"E06000054","2016",111.2
"E06000054","2017",111.3
"E06000054","2018",111.8
"E06000054","2019",111.8
"E06000054","2020",111.1
"E06000054","2021",110.8
"E06000058","2015",96.8
"E06000058","2016",99.6
"E06000058","2017",101.8
"E06000058","2018",101.3
"E06000058","2019",101.8
"E06000058","2020",98.1
"E06000058","2021",100.9
"E06000059","2015",108
"E06000059","2016",108.5
"E06000059","2017",108.3
"E06000059","2018",111.1
"E06000059","2019",113.8
"E06000059","2020",113.1
"E06000059","2021",112.8
"E07000040","2015",114.5
"E07000040","2016",114.4
"E07000040","2017",115.5
"E07000040","2018",118.2
"E07000040","2019",117.6
"E07000040","2020",115.5
"E07000040","2021",114
"E07000041","2015",98.9
"E07000041","2016",97.9
"E07000041","2017",102.5
"E07000041","2018",101.9
"E07000041","2019",105.1
"E07000041","2020",101.8
"E07000041","2021",103
"E07000042","2015",112.1
"E07000042","2016",112.2
"E07000042","2017",111.8
"E07000042","2018",111.2
"E07000042","2019",113.2
"E07000042","2020",114.9
"E07000042","2021",115.5
"E07000043","2015",106.5
"E07000043","2016",104.9
"E07000043","2017",108.7
"E07000043","2018",106.9
"E07000043","2019",108
"E07000043","2020",105.7
"E07000043","2021",107.5
"E07000044","2015",116.3
"E07000044","2016",113.8
"E07000044","2017",116.2
"E07000044","2018",117.4
"E07000044","2019",123.5
"E07000044","2020",120.9
"E07000044","2021",119.7
"E07000045","2015",111.9
"E07000045","2016",110.8
"E07000045","2017",112.3
"E07000045","2018",109.6
"E07000045","2019",114.3
"E07000045","2020",116.2
"E07000045","2021",114.6
"E07000046","2015",102.1
"E07000046","2016",100.4
"E07000046","2017",102.5
"E07000046","2018",103.6
"E07000046","2019",102.4
"E07000046","2020",107.8
"E07000046","2021",108.1
"E07000047","2015",111
"E07000047","2016",109
"E07000047","2017",111.3
"E07000047","2018",114.1
"E07000047","2019",114.3
"E07000047","2020",115.2
"E07000047","2021",110.7
"E07000078","2015",107.1
"E07000078","2016",105
"E07000078","2017",107.5
"E07000078","2018",110.6
"E07000078","2019",110.5
"E07000078","2020",111.2
"E07000078","2021",114.1
"E07000079","2015",118.7
"E07000079","2016",120.2
"E07000079","2017",121.5
"E07000079","2018",120.8
"E07000079","2019",121.4
"E07000079","2020",119
"E07000079","2021",118.7
"E07000080","2015",109.2
"E07000080","2016",108.5
"E07000080","2017",110.6
"E07000080","2018",116.1
"E07000080","2019",112.4
"E07000080","2020",113.7
"E07000080","2021",110.1
"E07000081","2015",94.7
"E07000081","2016",93.6
"E07000081","2017",94.3
"E07000081","2018",96.5
"E07000081","2019",93.6
"E07000081","2020",92
"E07000081","2021",95.2
"E07000082","2015",115.3
"E07000082","2016",118.2
"E07000082","2017",117.9
"E07000082","2018",118.4
"E07000082","2019",121.4
"E07000082","2020",118.9
"E07000082","2021",117.1
"E07000083","2015",112.3
"E07000083","2016",113.5
"E07000083","2017",115
"E07000083","2018",114
"E07000083","2019",116.6
"E07000083","2020",116
"E07000083","2021",116.1
"E07000187","2015",99.7
"E07000187","2016",102.8
"E07000187","2017",104.3
"E07000187","2018",105.7
"E07000187","2019",108
"E07000187","2020",106.1
"E07000187","2021",105.6
"E07000188","2015",101.2
"E07000188","2016",99.8
"E07000188","2017",98.9
"E07000188","2018",101.9
"E07000188","2019",100
"E07000188","2020",102.2
"E07000188","2021",101.1
"E07000189","2015",108.7
"E07000189","2016",110.5
"E07000189","2017",110.7
"E07000189","2018",109.1
"E07000189","2019",107.6
"E07000189","2020",109.1
"E07000189","2021",106.5
"E07000246","2015",101.8
"E07000246","2016",103.3
"E07000246","2017",110.6
"E07000246","2018",103.5
"E07000246","2019",106.6
"E07000246","2020",103.8
"E07000246","2021",106.3
